Artist and Title,Days,Pk,(x?),Total,Today
Adele - Rolling In the Deep,1971,1,(x1),15248521,1466
Adele - Someone Like You,2172,1,(x51),14531063,1332
Pharrell Williams - Happy,2045,1,(x188),13159417,593
Adele - Set Fire To The Rain,1044,2,(x3),10575061,953
John Legend - All of Me,1966,2,(x1),10326996,1525
Gotye - Somebody That I Used to Know,943,1,(x51),10285766,718
Ed Sheeran - Shape of You,1125,1,(x110),9982325,1521
Ed Sheeran - Perfect,1069,1,(x62),9746173,3269
Rihanna - Diamonds,1427,1,(x14),9702383,1102
Ed Sheeran - Thinking Out Loud,1695,2,(x14),9349222,931
David Guetta & Sia - Titanium,871,1,(x6),9258273,589
Mark Ronson - Uptown Funk,1389,1,(x20),9148293,1246
Avicii - Wake Me Up,1028,1,(x17),8999113,722
PSY - Gangnam Style,1046,1,(x95),8997590,648
ADELE - Skyfall,1137,1,(x11),8936640,883
Maroon 5 - Moves Like Jagger,767,1,(x64),8596279,194
Daft Punk - Get Lucky,852,1,(x68),8504212,1127
Robin Thicke - Blurred Lines,994,1,(x37),8480398,150
Rihanna - We Found Love,691,1,(x76),7995683,464
Carly Rae Jepsen - Call Me Maybe,569,1,(x100),7981627,325
Katy Perry - Roar,934,1,(x55),7905442,957
Passenger - Let Her Go,932,6,,7898325,958
LMFAO - Party Rock Anthem,711,1,(x9),7835367,276
P!nk - Just Give Me a Reason,725,1,(x23),7818687,1047
Luis Fonsi - Despacito,757,1,(x103),7656718,507
Adele - Hello,1205,1,(x111),7624777,1398
Lady Gaga & Bradley Cooper - Shallow,496,1,(x154),7362668,7722
Wiz Khalifa - See You Again,1064,1,(x95),7291287,2845
Sia - Chandelier,1027,3,(x2),7266466,1013
Ellie Goulding - Love Me Like You Do,1123,1,(x53),7225377,1033
Justin Timberlake - CAN'T STOP THE FEELING,907,1,(x45),7036512,854
Fun. - We Are Young,566,1,(x22),7013801,596
Taylor Swift - Shake It Off,601,1,(x47),6950480,893
Bruno Mars - Locked Out of Heaven,611,3,(x8),6937883,550
Coldplay - Paradise,698,2,(x8),6880367,479
Michel Teló - Ai Se Eu Te Pego,465,1,(x21),6839467,403
Coldplay - A Sky Full of Stars,978,1,(x10),6623926,1390
Bruno Mars - Just the Way You Are,690,2,(x22),6560845,425
LMFAO - Sexy and I Know It,548,2,(x14),6464643,362
will.i.am - Scream & Shout,461,1,(x36),6374110,74
Shakira - Waka Waka,777,3,(x1),6338235,7024
Bruno Mars - When I Was Your Man,515,3,(x5),6034378,579
OneRepublic - Counting Stars,619,5,,6005747,237
Camila Cabello - Havana,698,1,(x73),5978512,585
Justin Bieber - Sorry,520,2,(x92),5919020,0
Imagine Dragons - Radioactive,690,12,,5914704,613
Pitbull - Give Me Everything,487,1,(x63),5860414,244
Alan Walker - Faded,982,1,(x17),5857649,535
Pitbull - Timber,390,1,(x21),5755758,541
Jennifer Lopez - On the Floor,480,1,(x53),5731740,3463
Imagine Dragons - Believer,1099,10,,5695304,1637
The Chainsmokers & Coldplay - Something Just Like This,713,2,(x59),5686418,718
Ed Sheeran - Photograph,1314,5,,5590488,902
Taylor Swift - Blank Space,509,1,(x38),5585819,580
Eminem - Love the Way You Lie,593,1,(x65),5566355,225
Katy Perry - Firework,710,2,(x18),5441920,218
Hozier - Take Me To Church,506,3,(x1),5434973,476
Rihanna - Stay,474,1,(x2),5407860,481
Katy Perry - Dark Horse,509,2,(x48),5354175,443
Maroon 5 - Payphone,429,2,(x27),5313531,218
Foster The People - Pumped Up Kicks,629,10,,5244977,432
Justin Bieber - Love Yourself,466,1,(x12),5210978,0
Rihanna - Only Girl,531,1,(x42),5195455,71
Imagine Dragons - Thunder,772,5,,5175326,545
P!nk - Try,486,5,,5108194,405
Billie Eilish - bad guy,313,1,(x16),5052439,18035
Macklemore & Ryan Lewis - Can't Hold Us,433,4,,5034668,617
Sam Smith - Stay With Me,500,4,,5028326,0
Macklemore & Ryan Lewis - Thrift Shop,441,1,(x3),4978600,249
Major Lazer - Lean On,429,1,(x21),4964596,108
Imagine Dragons - Demons,609,11,,4898403,505
Christina Perri - A Thousand Years,1019,23,,4895615,1373
Lorde - Royals,348,2,(x4),4862722,150
Justin Timberlake - Mirrors,407,3,(x10),4820819,0
Avicii - Hey Brother,408,3,(x2),4811691,484
David Guetta & Usher - Without You,493,2,(x4),4789604,13
The Chainsmokers - Closer,448,1,(x45),4758070,371
Maroon 5 - One More Night,405,4,,4738777,390
Pitbull - Feel This Moment,414,3,(x1),4700176,456
Sia - Cheap Thrills,423,2,(x3),4694128,243
Meghan Trainor - All About That Bass,390,1,(x22),4619411,446
Maroon 5 - Girls Like You,529,1,(x46),4550817,748
Nicki Minaj - Starships,455,4,,4544308,44
Flo Rida - Good Feeling,498,4,,4523785,188
Clean Bandit - Rockabye,404,1,(x5),4519590,292
Omi - Cheerleader,411,2,(x4),4512827,362
Coldplay - Viva la Vida,886,21,,4437260,117
Mariah Carey - All I Want for Christmas Is You,440,1,(x8),4397473,42
Eminem - The Monster,240,1,(x51),4379355,232
Lucenzo - Danza Kuduro,507,8,,4370435,50
Miley Cyrus - Wrecking Ball,274,3,(x34),4368699,194
Justin Bieber - What Do You Mean,290,1,(x47),4361580,25
Flo Rida - Whistle,385,2,(x60),4352347,155
Maroon 5 - Sugar,406,4,,4343392,151
Lady Gaga - Always Remember Us This Way,488,2,(x18),4335926,3408
Lilly Wood & the Prick & Robin Schulz - Prayer In C,361,2,(x7),4319176,516
One Direction - What Makes You Beautiful,627,6,,4234153,168
Calvin Harris - This Is What You Came For,313,1,(x32),4228842,332
Martin Garrix - Animals,415,10,,4197551,0
Bruno Mars - Grenade,453,1,(x11),4164596,37
Mr. Probz - Waves,379,7,,4149853,292
MAGIC! - Rude,429,4,,4148794,336
The Black Eyed Peas - I Gotta Feeling,637,14,,4130584,589
The Lumineers - Ho Hey,405,8,,4125037,61
Rag'n'Bone Man - Human,561,5,,4117919,317
Shawn Mendes & Camila Cabello - Señorita,229,1,(x108),4104021,8801
Bruno Mars - Treasure,358,7,,4029747,445
Lykke Li - I Follow Rivers,671,31,,3996354,293
DJ Snake - Let Me Love You,285,1,(x32),3986020,195
Clean Bandit - Rather Be,382,3,(x2),3985474,293
Drake - One Dance,303,1,(x10),3971765,194
Coldplay - Hymn for the Weekend,394,6,,3949507,273
James Arthur - Impossible,439,21,,3894089,466
Rihanna - Where Have You Been,380,5,,3887769,117
Calvin Harris & Disciples - How Deep Is Your Love,291,2,(x22),3875361,392
One Direction - Story Of My Life,334,1,(x2),3873136,371
twenty one pilots - Stressed Out,407,2,(x1),3867424,201
Enrique Iglesias - Bailando,515,13,,3864020,273
Lukas Graham - 7 Years,422,1,(x2),3854954,182
Ed Sheeran - I See Fire,491,10,,3849478,354
Calvin Harris - Summer,317,1,(x1),3840478,215
Lil Nas X - Old Town Road,330,2,(x10),3831270,6313
Naughty Boy - La La La,376,5,,3802697,171
Sam Smith - I'm Not the Only One,441,7,,3779814,65
Alicia Keys - Girl On Fire,350,6,,3772963,301
Swedish House Mafia - Don't You Worry Child,354,3,(x2),3759172,32
Taylor Swift - I Knew You Were Trouble.,340,5,,3751575,100
Avicii - Levels,381,4,,3740651,86
The Weeknd - I Feel It Coming,373,3,(x5),3738414,460
John Newman - Love Me Again,376,8,,3698004,78
The Black Eyed Peas - The Time,327,1,(x58),3687818,0
Coldplay - Adventure of a Lifetime,321,2,(x2),3681335,216
The Weeknd - Can't Feel My Face,306,1,(x10),3673006,157
The Weeknd - Starboy,262,1,(x34),3661115,434
Bruno Mars - 24K Magic,386,1,(x1),3617183,83
Capital Cities - Safe and Sound,369,12,,3581583,131
Pitbull - Rain Over Me,379,3,(x1),3578200,70
Ava Max - Sweet but Psycho,439,2,(x28),3561138,972
Alexandra Stan - Mr. Saxobeat,429,4,,3560720,29
The Chainsmokers - Don't Let Me Down,347,4,,3549276,0
Lady GaGa - Born This Way,347,1,(x35),3540801,4
Lewis Capaldi - Someone You Loved,400,6,,3528017,7776
Post Malone - rockstar,446,3,(x8),3527755,238
Panic! At the Disco - High Hopes,608,5,,3517675,1106
Milky Chance - Stolen Dance,498,18,,3513575,342
Icona Pop - I Love It,440,7,,3506617,211
Charlie Puth - Attention,400,3,(x7),3498520,195
Disturbed - The Sound of Silence,871,26,,3478990,774
Rihanna and Kanye West and Paul McCartney - FourFiveSeconds,223,1,(x10),3443266,280
Ariana Grande - Problem,305,1,(x1),3436239,59
Harry Styles - Sign of the Times,403,1,(x2),3435233,147
Ellie Goulding - Burn,320,6,,3412467,39
Taylor Swift - We Are Never Ever Getting Back Together,272,3,(x4),3398529,28
Ed Sheeran - Castle on the Hill,475,2,(x7),3355714,258
Tones and I - Dance Monkey,238,1,(x81),3355602,21384
"Calvin Harris, Dua Lipa - One Kiss",349,1,(x50),3337183,150
Jennifer Lopez - Dance Again,317,4,,3332165,558
Coldplay - Magic,227,2,(x15),3327044,339
Flo Rida - Wild Ones,348,3,(x6),3314031,76
Flo Rida - Club Can't Handle Me,269,2,(x37),3311040,57
A Great Big World & Christina Aguilera - Say Something,368,9,,3300795,253
Taio Cruz - Dynamite,354,2,(x8),3287843,0
Usher - DJ Got Us Fallin' In Love,340,2,(x8),3279881,47
Kygo - Firestone,410,8,,3231765,106
Ed Sheeran & Justin Bieber - I Don't Care,271,1,(x27),3221007,2183
Mike Posner - I Took a Pill in Ibiza,302,2,(x1),3208788,44
P!nk - What About Us,310,1,(x10),3202707,42
Queen - Bohemian Rhapsody,456,3,(x7),3198834,1002
Rihanna - S&M,263,2,(x3),3183648,60
Shawn Mendes - There's Nothing Holdin' Me Back,436,4,,3174767,80
George Ezra - Shotgun,585,6,,3166891,660
Dynoro & Gigi d'Agostino - In My Mind,516,3,(x4),3159857,646
The Script - Hall of Fame,333,13,,3156439,327
Bruno Mars - The Lazy Song,337,4,,3154239,64
Loreen - Euphoria,353,7,,3138389,275
Asaf Avidan & the Mojos - One Day / Reckoning Song,370,13,,3136057,0
twenty one pilots - Heathens,293,3,(x2),3118759,101
"Jessie J, Ariana Grande & Nicki Minaj - Bang Bang",302,1,(x3),3108676,110
Portugal. The Man - Feel It Still,417,10,,3103519,127
Snoop Dogg & David Guetta - Sweat,297,5,,3088890,111
Marshmello & Bastille - Happier,415,4,,3062988,428
Martin Solveig - Hello,389,10,,3061064,84
Charlie Puth - We Don’t Talk Anymore,285,4,,3060800,132
Nicky Jam & Enrique Iglesias - El Perdón,506,10,,3018184,372
ZAYN - Dusk Till Dawn,282,1,(x10),3012945,191
Miley Cyrus - We Can't Stop,250,2,(x1),3006881,35
Jessie J - Price Tag,288,6,,3001795,18
Lost Frequencies - Are You With Me,339,9,,2986181,192
Kygo & Selena Gomez - It Ain't Me,249,2,(x2),2975911,106
Nico & Vinz - Am I Wrong,316,5,,2948389,100
Imany - Don't Be So Shy,377,14,,2941645,271
Calvin Harris - Blame,221,1,(x4),2915965,183
Duck Sauce - Barbra Streisand,301,4,,2914674,83
Keala Settle & The Greatest Showman Ensemble - This Is Me,569,6,,2897076,393
Kungs & Cookin' On 3 Burners - This Girl,291,6,,2895118,3
Fifth Harmony - Worth It,338,4,,2877602,154
"Calvin Harris, Sam Smith - Promises",323,1,(x1),2873654,132
Ariana Grande - Break Free,312,3,(x1),2865261,91
Jason Mraz - I'm Yours,292,49,,2862872,301
Metallica - Nothing Else Matters,203,58,,2855452,1116
AWOLNATION - Sail,450,35,,2849032,166
Post Malone & Swae Lee - Sunflower,473,7,,2848340,1192
James Arthur - Say You Won't Let Go,379,8,,2846733,231
Drake - Hotline Bling,268,3,(x2),2842552,69
Dua Lipa - New Rules,396,9,,2840418,90
Charlie Puth - Marvin Gaye,365,7,,2835499,28
Shawn Mendes - Stitches,317,4,,2834642,34
The Weeknd - Earned It,275,6,,2819277,201
Clean Bandit - Solo,272,1,(x1),2818753,35
Jason Derülo - Talk Dirty,307,8,,2798737,149
Jason Derülo - Want to Want Me,294,4,,2779414,58
Train - Drive By,327,9,,2770406,53
"Snoop Dogg & Wiz Khalifa - Young, Wild & Free",337,14,,2762810,48
Imagine Dragons - Whatever It Takes,486,16,,2757131,137
R. City - Locked Away,258,2,(x2),2750899,39
Lana Del Rey - Young and Beautiful,368,11,,2738211,220
David Guetta - Dangerous,235,2,(x2),2713883,151
Fun. - Some Nights,350,8,,2712181,60
Calvin Harris - Feel So Close,573,34,,2692150,228
Calvin Harris - Feels,240,2,(x17),2690519,0
Rihanna - Work,232,1,(x24),2681492,171
"Train - Hey, Soul Sister",432,11,,2677104,95
Fifth Harmony - Work from Home,252,4,,2671944,12
Idina Menzel - Let It Go,447,17,,2660197,369
Luis Fonsi & Demi Lovato - Échame La Culpa,313,3,(x7),2646927,66
DNCE - Cake By the Ocean,338,8,,2636400,0
The Wanted - Glad You Came,536,27,,2630505,33
Marc Anthony - Vivir Mi Vida,218,67,,2616191,486
Charlie Puth - One Call Away,343,9,,2612759,77
Bruno Mars - Marry You,262,17,,2611839,65
Clean Bandit - Symphony,345,7,,2607749,180
Imagine Dragons - Natural,343,4,,2604242,211
Kygo - Stole the Show,362,9,,2601232,82
Ed Sheeran - Galway Girl,395,9,,2593837,68
WALK THE MOON - Shut Up and Dance,347,13,,2583822,64
Lady Antebellum - Need You Now,346,7,,2582163,95
Michael Jackson & Justin Timberlake - Love Never Felt So Good,242,3,(x4),2577276,85
David Guetta - Where Them Girls At,223,1,(x7),2567705,0
Jason Mraz - I Won't Give Up,450,30,,2560697,208
Enrique Iglesias - DUELE EL CORAZON,294,10,,2547839,204
Sam Smith & Normani - Dancing with a Stranger,350,1,(x2),2547032,563
George Ezra - Budapest,459,26,,2534211,106
Pitbull - International Love,314,12,,2530572,21
David Guetta & Rihanna - Who's That Chick,240,4,,2526421,0
Lady Gaga - Applause,178,1,(x4),2510311,0
Lana Del Rey - Summertime Sadness,384,33,,2505992,115
Lost Frequencies - Reality,310,10,,2500353,129
Maroon 5 - Memories,138,2,(x50),2497481,16850
Ed Sheeran - Sing,333,5,,2476173,26
Yolanda Be Cool & Dcup - We No Speak Americano,233,2,(x5),2467667,9
Major Lazer - Cold Water,198,1,(x16),2456974,33
Felix Jaehn - Ain't Nobody,285,7,,2451426,107
Calvin Harris - Outside,249,3,(x1),2443986,47
Israel Kamakawiwo'ole - Over the Rainbow,380,28,,2438046,68
David Guetta - She Wolf,260,3,(x3),2435118,108
Maroon 5 - Maps,294,3,(x1),2433698,0
Of Monsters and Men - Little Talks,457,26,,2433204,41
ZAYN & Taylor Swift - I Don't Wanna Live Forever,209,1,(x8),2432599,0
Skrillex & Diplo - Where Are Ü Now,307,7,,2431281,37
One Direction - One Way or Another,238,1,(x6),2422632,161
Adele - When We Were Young,241,3,(x6),2419864,511
Selena Gomez & Marshmello - Wolves,243,1,(x3),2413933,38
Bastille - Pompeii,469,29,,2411032,503
Robin Schulz - Sugar,280,6,,2408262,74
Klingande - Jubel,376,23,,2402329,106
Shawn Mendes - Treat You Better,251,3,(x1),2387680,0
Katy Perry - Chained to the Rhythm,216,2,(x1),2385509,0
LP - Lost on You,497,18,,2374729,474
Mark Ronson - Nothing Breaks Like a Heart,300,1,(x1),2373988,104
Shakira - Loca,296,7,,2365990,197
"Cardi B, Bad Bunny & J Balvin - I Like It",361,4,,2363725,530
Maroon 5 - Animals,272,2,(x1),2356973,0
Halsey - Without Me,312,2,(x1),2350112,134
Sam Smith - Too Good at Goodbyes,225,2,(x4),2348775,0
Lana Del Rey - Video Games,252,10,,2348429,34
Kelly Clarkson - Stronger,303,13,,2344542,35
PSY - Gentleman,147,1,(x4),2340222,50
Owl City & Carly Rae Jepsen - Good Time,271,3,(x1),2318250,0
David Guetta & Sia - Flames,275,3,(x2),2308414,36
Taylor Swift - Style,291,4,,2307737,146
Ariana Grande - No Tears Left to Cry,270,1,(x14),2302471,36
5 Seconds of Summer - Youngblood,388,8,,2300068,227
Avicii - Addicted To You,272,8,,2285554,94
Aloe Blacc - I Need A Dollar,442,27,,2285447,10
Faul & Wad Ad & Pnau - Changes,304,14,,2282930,0
J Balvin & Willy William - Mi Gente,247,1,(x7),2276252,509
Jonas Brothers - Sucker,317,2,(x6),2256478,1024
David Guetta - Play Hard,256,8,,2256202,77
Jason Derülo - Wiggle,250,5,,2253719,14
The Weeknd - The Hills,308,8,,2246432,304
Lady GaGa - The Edge of Glory,250,1,(x3),2243046,0
Pitbull - Back In Time,222,5,,2239512,102
The Black Eyed Peas - Just Can't Get Enough,214,3,(x2),2229210,0
David Guetta - Hey Mama,223,4,,2226554,42
P!nk - Raise Your Glass,227,6,,2224106,0
David Guetta - Shot Me Down,257,4,,2220690,160
Adele - Send My Love,261,8,,2217120,53
Jay-Z - Empire State of Mind,485,27,,2215049,88
Rachel Platten - Fight Song,323,20,,2211520,158
Burak Yeter - Tuesday,323,19,,2205941,198
Calvin Harris - I Need Your Love,269,11,,2199021,53
Marshmello & Anne-Marie - FRIENDS,244,1,(x7),2197811,0
Stromae - Alors on danse,262,12,,2196074,171
Lady GaGa - Alejandro,263,6,,2195279,0
Bruno Mars - That's What I Like,302,6,,2178523,0
Rudimental - These Days,288,4,,2151625,16
B.o.B - Airplanes,190,3,(x2),2148087,0
Christina Perri - Jar of Hearts,350,29,,2141904,125
Sia - The Greatest,189,1,(x9),2141112,25
AronChupa - I'm an Albatraoz,270,13,,2141024,88
DJ Snake - Taki Taki,226,2,(x18),2140856,76
Jonas Blue - Fast Car,232,9,,2139732,97
Imagine Dragons - On Top of the World,400,34,,2138460,96
Drake - God's Plan,230,2,(x9),2138223,86
Sia - Elastic Heart,216,8,,2134780,177
Maroon 5 - Don't Wanna Know,190,4,,2130132,0
Wham! - Last Christmas,345,3,(x1),2129583,0
Katy Perry - Teenage Dream,202,4,,2121268,0
Taio Cruz - Hangover,255,10,,2120755,77
Jason Derülo - Swalla,228,6,,2112860,292
DJ Snake & Lil Jon - Turn Down For What,257,16,,2108381,101
"Drake - Hold On, We're Going Home",214,11,,2101686,61
"Calvin Harris, Rag’n’Bone Man - Giant",283,4,,2101390,801
Ed Sheeran - Beautiful People,222,3,(x3),2100728,1709
Pitbull - Hey Baby,290,10,,2092445,3
David Guetta & Nicki Minaj - Turn Me On,275,8,,2090186,0
Maroon 5 - What Lovers Do,237,4,,2086065,0
Ed Sheeran - Perfect Duet,276,1,(x9),2080132,36
Stromae - Papaoutai,367,34,,2077061,113
Zara Larsson - Lush Life,352,23,,2073526,3
Kaleo - Way Down We Go,320,18,,2071488,169
Katy Perry - Last Friday Night,235,5,,2058999,0
French Montana - Unforgettable,304,10,,2047638,41
Shakira - Can't Remember To Forget You,137,1,(x2),2047579,333
Justin Bieber - Beauty and a Beat,257,9,,2042608,20
Enrique Iglesias - Tonight,228,6,,2039263,0
Gusttavo Lima - Balada,281,11,,2025318,127
Enrique Iglesias - SÚBEME LA RADIO,248,14,,2018263,37
Skrillex - Bangarang,423,35,,2013999,33
Calvin Harris - Sweet Nothing,257,10,,2010898,56
Labrinth - Beneath Your Beautiful,316,20,,2006729,44
Dean Lewis - Be Alright,343,11,,2006426,234
Imagine Dragons - Bad Liar,417,9,,2002758,1322
Sak Noel - Loca People,253,10,,2002498,7
Lauren Daigle - You Say,570,20,,1989649,2024
Chris Brown - Yeah 3X,262,9,,1988990,0
Shawn Mendes - In My Blood,277,1,(x6),1988153,0
Britney Spears - Till the World Ends,198,3,(x1),1985104,0
Kid Cudi - Pursuit of Happiness,236,39,,1984977,307
David Guetta - Lovers on the Sun,196,9,,1984879,8
Sam Smith - Writing's on the Wall,183,1,(x1),1981194,130
Katy Perry - California Gurls,206,2,(x5),1975622,0
Selena Gomez & The Scene - Love You Like a Love Song,402,31,,1975155,22
Tom Walker - Leave a Light On,498,17,,1967390,83
Avicii - The Nights,268,7,,1958117,49
Nelly - Just a Dream,224,6,,1955405,0
Coldplay - Fix You,68,26,,1943272,491
Calvin Harris - My Way,174,2,(x1),1938920,18
James Bay - Hold Back the River,265,9,,1936747,26
Coldplay - Every Teardrop Is a Waterfall,198,1,(x5),1936214,0
DJ Khaled - Wild Thoughts,165,2,(x4),1929564,23
Cee Lo Green - F**k You,215,6,,1918995,0
Liam Payne & Rita Ora - For You,215,1,(x6),1918343,76
Bruno Mars - It Will Rain,195,10,,1916694,25
Ariana Grande - Side To Side,193,9,,1914786,22
Kiesza - Hideaway,239,13,,1914156,0
"Zedd, Maren Morris & Grey - The Middle",257,6,,1908879,32
Kings of Leon - Sex On Fire,214,41,,1908834,143
Far East Movement - Like A G6,201,5,,1904585,0
Ed Sheeran - The a Team,327,27,,1903784,16
Lady Gaga - I'll Never Love Again,422,4,,1902429,1705
Usher - More,236,10,,1897363,0
Marshmello - Silence,274,13,,1894417,0
Avicii - Waiting for Love,196,5,,1876656,3
Zedd & Alessia Cara - Stay,215,7,,1876337,0
Taylor Swift - Bad Blood,149,2,(x20),1872884,71
Gym Class Heroes - Stereo Hearts,251,8,,1871694,0
ZAZ - Je veux,256,44,,1855568,309
Eminem - Lose Yourself,50,96,,1855094,511
Desiigner - Panda,225,10,,1852947,523
Julia Michaels - Issues,272,16,,1852261,0
Jonas Blue - Perfect Strangers,225,11,,1843937,0
Demi Lovato - Let It Go,246,22,,1839425,68
Justin Timberlake - Say Something,218,2,(x1),1836907,4
Post Malone - Circles,159,5,,1827098,10013
Taio Cruz - Higher,229,8,,1826607,38
Taylor Swift - Look What You Made Me Do,161,1,(x20),1825681,96
will.i.am - This Is Love,219,8,,1819844,20
Daddy Yankee - Con Calma,275,11,,1816131,491
Lady GaGa - Bad Romance,288,30,,1813742,160
Ariana Grande - 7 rings,226,1,(x9),1809317,554
Jessie J - Domino,265,19,,1803967,0
Ed Sheeran - Don't,287,4,,1803839,0
Alice Merton - No Roots,473,40,,1803561,54
Jessie J - Flashlight,221,13,,1798968,93
Jonas Blue - Mama,215,10,,1794099,0
Lady Gaga - Million Reasons,264,4,,1789320,377
Kygo & Whitney Houston - Higher Love,222,5,,1788308,1751
One Direction - Drag Me Down,172,1,(x13),1782589,175
Calum Scott - Dancing on My Own,302,25,,1777408,638
Selena Gomez - Come & Get It,193,13,,1772133,34
Justin Bieber - Boyfriend,176,1,(x3),1769282,43
"gnash - i hate u, i love u",269,16,,1766132,44
"Ariana Grande - thank u, next",179,1,(x13),1764392,107
Meghan Trainor - Like I'm Gonna Lose You,298,34,,1763911,357
Lana Del Rey & Cedric Gervais - Summertime Sadness,207,13,,1763728,167
Katy Perry - Wide Awake,238,8,,1763310,43
Jesse & Joy - ¡Corre,266,53,,1761564,231
OneRepublic - Love Runs Out,224,14,,1757902,102
Flo Rida - I Cry,224,7,,1755392,0
Eagles - Hotel California,19,8,,1754691,302
Duke Dumont - Ocean Drive,341,31,,1753998,222
DJ Khaled - I'm the One,147,1,(x2),1749831,0
Charlie Puth - How Long,234,9,,1747126,0
Sean Paul - Got 2 Luv U,245,12,,1744909,0
Feder - Goodbye,248,26,,1738076,61
The Chainsmokers - Roses,213,12,,1736322,49
Lorde - Team,229,17,,1735723,20
Vance Joy - Riptide,317,39,,1731463,83
Katy Perry - E.T.,195,6,,1729015,0
Ariana Grande - One Last Time,211,3,(x1),1727615,99
Naughty Boy - Runnin',256,6,,1727612,178
"Emeli Sandé - Read All About It, Pt. III",392,29,,1726439,16
Ke$ha - We R Who We R,185,6,,1724449,0
JAY Z & Kanye West - Ni**as in Paris,366,43,,1724157,0
Justin Bieber & BloodPop® - Friends,215,1,(x3),1722749,0
Jax Jones - You Don't Know Me,213,8,,1722049,0
Silento - Watch Me,246,15,,1719922,51
Rag'n'Bone Man - Skin,268,14,,1717494,36
Rihanna - Love on the Brain,277,23,,1713609,130
Rita Ora - Anywhere,269,11,,1706137,36
Nicki Minaj - Super Bass,273,22,,1701171,0
Niall Horan - Slow Hands,234,1,(x2),1695305,0
Taylor Swift - Wildest Dreams,180,4,,1691491,98
Chris Brown - Don't Wake Me Up,224,15,,1680191,0
Demi Lovato - Heart Attack,202,12,,1678600,17
Camila Cabello - Never Be the Same,254,9,,1675308,0
Calvin Harris & Alesso - Under Control,231,16,,1675194,87
Eminem - River,179,4,,1670131,0
Loud Luxury - Body,350,15,,1667914,78
Diddy - Dirty Money & Skylar Grey - Coming Home,203,9,,1667775,0
Miley Cyrus - Malibu,165,2,(x1),1666761,0
JAY Z - Holy Grail,209,8,,1666130,0
Meghan Trainor - Lips Are Movin,212,9,,1662441,0
P!nk - F**kin' Perfect,187,8,,1658493,0
Justin Bieber - As Long As You Love Me,279,2,(x1),1646643,0
Rihanna - What's My Name,184,8,,1645164,0
Drake - In My Feelings,154,1,(x27),1639535,43
DJ Antoine & Timati - Welcome to St. Tropez,324,31,,1637626,28
Calum Scott - You Are the Reason,584,24,,1637599,713
Dua Lipa - Be the One,221,23,,1637508,269
Imagine Dragons - It's Time,266,38,,1636884,13
Snow Patrol - Chasing Cars,105,56,,1633451,122
Chris Brown - Beautiful People,222,19,,1632114,0
Lady Gaga - Do What U Want,168,1,(x2),1631785,0
Ke$ha - Die Young,195,9,,1609849,0
Tove Lo - Habits,208,17,,1607753,4
Beyoncé - Drunk In Love,159,7,,1606586,34
Mike Posner - Cooler Than Me,194,11,,1605796,0
Pitbull - Fireball,202,17,,1602339,130
Daddy Yankee - Limbo,113,67,,1602174,499
Lady GaGa - Poker Face,375,47,,1600711,236
ZAYN - PILLOWTALK,147,1,(x4),1598827,58
Sheppard - Geronimo,310,31,,1598003,0
will.i.am - #thatPOWER,158,8,,1597987,0
Major Lazer - Light It Up,250,13,,1595068,0
Sean Paul - She Doesn't Mind,251,20,,1593400,0
Echosmith - Cool Kids,263,20,,1592070,16
Charli XCX - Boom Clap,228,18,,1591990,0
Wiz Khalifa - Black and Yellow,226,19,,1589978,5
Regard - Ride It,165,6,,1588754,10609
Enrique Iglesias - I Like It,178,7,,1587985,0
Justin Timberlake - Suit & Tie,148,1,(x5),1587497,0
Dua Lipa - Don't Start Now,96,1,(x7),1587447,14085
Birdy - Skinny Love,259,59,,1587333,0
Ofenbach - Be Mine,299,33,,1587022,142
Pitbull - Don't Stop the Party,210,19,,1586978,96
P!nk - Walk Me Home,250,2,(x2),1585740,583
The Chainsmokers - Paris,154,2,(x1),1584047,0
Avicii & Nicky Romero - I Could Be the One,242,18,,1583267,22
Kings of Leon - Use Somebody,126,50,,1581796,52
Iggy Azalea - Black Widow,201,14,,1581155,16
Coldplay & Rihanna - Princess of China,199,7,,1578474,22
Martin Garrix & Bebe Rexha - In the Name of Love,187,7,,1577602,0
David Guetta & Showtek - Bad,221,10,,1575654,7
Pedro Capó & Farruko - Calma,338,15,,1571721,42
Swedish House Mafia - Save the World,163,15,,1567767,0
Dvbbs & Borgeous - Tsunami,237,23,,1567380,19
Olly Murs - Troublemaker,209,13,,1567193,0
Edward Maya - Stereo Love,226,16,,1566925,11
Ellie Goulding - Lights,318,38,,1566660,45
Carly Rae Jepsen - I Really Like You,193,8,,1563397,0
Jonas Blue - Rise,257,7,,1561597,0
Zedd - Clarity,270,32,,1554007,94
"benny blanco, Halsey & Khalid - Eastside",317,11,,1546494,64
Mabel - Don't Call Me Up,295,9,,1541834,357
One Direction - Steal My Girl,136,1,(x3),1540356,16
Rihanna - Man Down,210,17,,1538223,0
Ella Henderson - Ghost,270,24,,1535454,8
American Authors - Best Day of My Life,241,23,,1529736,23
Post Malone - Better Now,337,13,,1526916,225
One Direction - Live While We're Young,183,3,(x3),1524662,18
"Lil Wayne, Wiz Khalifa & Imagine Dragons - Sucker For Pain",198,6,,1524047,21
The Script - Superheroes,215,18,,1522094,27
Liam Payne - Strip That Down,199,1,(x1),1520028,0
Jason Derülo - Don't Wanna Go Home,161,9,,1517449,0
Ylvis - The Fox,160,7,,1516908,4
Armin van Buuren - This Is What It Feels Like,208,25,,1514755,107
Meduza - Piece Of Your Heart,249,9,,1512924,0
Elle King - Ex's & Oh's,214,13,,1505104,0
David Guetta - 2U,136,1,(x4),1499675,3
Rihanna - California King Bed,173,11,,1498123,0
Journey - Don't Stop Believin',10,91,,1496053,423
twenty one pilots - Ride,216,17,,1491423,26
Iggy Azalea - Fancy,198,17,,1488904,0
2 Chainz & Wiz Khalifa - We Own It,150,3,(x2),1488772,27
Emeli Sandé - Next to Me,269,28,,1487337,0
Helene Fischer - Atemlos durch die Nacht,142,76,,1482958,321
Mumford & Sons - I Will Wait,278,26,,1480745,48
OneRepublic - Good Life,358,36,,1479499,10
Indila - Dernière danse,182,44,,1478350,235
DJ Snake - Middle,242,23,,1476998,16
Dua Lipa - IDGAF,218,9,,1469583,0
Ofenbach & Nick Waterhouse - Katchi,288,22,,1464744,0
Loren Allred - Never Enough,459,30,,1461103,217
Lady GaGa - Judas,119,1,(x4),1461091,0
P!nk - Blow Me,178,8,,1459617,0
Meghan Trainor - NO,155,7,,1456163,0
Robin Schulz - Sun Goes Down,278,28,,1455324,50
Sunrise Avenue - Hollywood Hills,208,32,,1454511,20
Flo Rida - My House,193,21,,1452411,0
Bad Meets Evil - Lighters,169,10,,1451828,63
Katy Perry - Part of Me,185,10,,1448968,26
Ke$ha - TiK ToK,194,32,,1448661,0
The Avener - Fade Out Lines,242,24,,1446927,31
Shakira - Rabiosa,209,15,,1444966,180
Romeo Santos - Propuesta Indecente,2,79,,1436280,217
One Direction - Perfect,163,1,(x4),1430570,52
Rae Sremmurd - Black Beatles,112,1,(x10),1422339,0
Jennifer Lopez - Ain't Your Mama,205,14,,1422128,107
Axwell Λ Ingrosso - More Than You Know,244,16,,1420543,53
Tinie Tempah - Written In the Stars,298,22,,1414462,0
Pitbull - We Are One,132,1,(x2),1403101,17
Adam Lambert - Ghost Town,228,18,,1400602,32
Eminem - Not Afraid,145,10,,1399679,48
David Guetta - Little Bad Girl,146,3,(x2),1397314,0
Rihanna - Bitch Better Have My Money,170,3,(x7),1393900,169
P!NK - Just Like Fire,165,9,,1392670,0
Taylor Swift - ME,174,1,(x7),1386172,3355
Ava Max - So Am I,228,9,,1385997,250
Baauer - Harlem Shake,98,1,(x18),1385866,0
Ac/Dc - Thunderstruck,24,21,,1385721,543
James Bay - Let It Go,254,41,,1383907,0
Dennis Lloyd - Nevermind,255,10,,1382300,137
Alvaro Soler - Sofia,235,26,,1380290,23
Martin Garrix & Dua Lipa - Scared to Be Lonely,162,3,(x1),1378834,21
Madcon - Don't Worry,275,30,,1367836,0
Selena Gomez - Good For You,147,2,(x3),1365956,0
Beyoncé - Halo,14,59,,1363382,158
Alan Walker - Alone,168,14,,1357833,0
Rita Ora - Your Song,230,14,,1355392,0
Usher - Scream,197,16,,1354093,0
Ariana Grande - Into You,171,11,,1349832,0
Coldplay - The Scientist,29,50,,1346263,214
Flo Rida - GDFR,210,16,,1346125,0
Survivor - Eye of the Tiger,--,122,,1340740,394
Lukas Graham - Love Someone,279,18,,1340599,32
Travie McCoy - Billionaire,194,12,,1338331,0
Matt Simons - Catch & Release,231,30,,1337164,4
James Blunt - Stay the Night,188,11,,1334384,0
Taylor Swift - You Need To Calm Down,217,1,(x2),1328965,2142
Rita Ora - Let You Love Me,197,6,,1328892,0
Klangkarussell - Sonnentanz,198,35,,1328881,32
Alesso - Heroes,213,18,,1328334,16
Katy Perry - The One That Got Away,179,17,,1321003,0
P!nk - A Million Dreams,244,7,,1320616,176
米津玄師 - Lemon,722,73,,1317190,1531
Meghan Trainor - Dear Future Husband,194,25,,1316878,241
Imany - You Will Never Know,1,91,,1312910,46
Shakira - Chantaje,245,17,,1311984,751
Years & Years - King,179,15,,1308692,32
Ed Sheeran & Andrea Bocelli - Perfect Symphony,251,2,(x1),1307804,49
Lauv - I Like Me Better,336,34,,1307599,75
Ariana Grande & The Weeknd - Love Me Harder,171,18,,1306378,67
Drake - Take Care,241,17,,1304335,0
Ne-Yo - Let Me Love You,229,25,,1303932,20
Kendrick Lamar - HUMBLE.,237,8,,1303841,0
Carlos Vives & Shakira - La Bicicleta,272,43,,1302887,390
One Direction - Best Song Ever,139,1,(x3),1302637,11
Katy Perry - Unconditionally,167,14,,1302432,86
David Guetta - Sexy Bitch,156,37,,1300067,102
P!nk - Beautiful Trauma,220,15,,1299780,0
Anne-Marie - 2002,275,15,,1298994,338
Maroon 5 - Daylight,187,25,,1289712,48
U2 - Ordinary Love,158,7,,1287144,0
Beyoncé - Run the World,122,3,(x1),1286629,0
Queen - We Will Rock You,241,15,,1286477,628
Alvaro Soler - La Cintura,226,15,,1286317,48
Robbie Williams - Candy,180,8,,1283701,16
Drake - Too Good,182,18,,1282437,21
Britney Spears - I Wanna Go,168,16,,1278450,0
Macklemore & Ryan Lewis - Same Love,183,20,,1277905,0
Bruno Mars - Finesse,148,2,(x1),1274286,0
Katy Perry - Hot N Cold,142,54,,1271158,133
Birdy - People Help the People,164,50,,1270470,58
LSD - Thunderclouds,229,7,,1266128,16
Robin Schulz - OK,213,23,,1265046,3
Nicky Jam - Travesuras,--,115,,1262084,324
Selena Gomez - Hands To Myself,187,8,,1260993,0
Wisin & Yandel - Algo Me Gusta de Ti,76,65,,1259595,271
Avril Lavigne - What the Hell,139,9,,1259566,0
Khalid - Young Dumb & Broke,250,24,,1256945,0
Selena Gomez - Back to You,168,1,(x3),1255152,68
Shawn Mendes - Mercy,190,14,,1254573,0
Post Malone - Wow.,242,11,,1251861,401
Ricardo Arjona - Fuiste Tú,228,43,,1246704,182
"G-Eazy X Bebe Rexha - Me, Myself & I",156,14,,1244732,0
Disclosure - Latch,203,56,,1240288,34
Jason Derülo - Trumpets,216,32,,1238307,6
Jennifer Lopez - I'm Into You,174,16,,1234559,0
Alex Clare - Too Close,233,41,,1213118,0
Ellie Goulding - On My Mind,134,4,,1210436,0
Calvin Harris - Slide,148,7,,1209272,0
Sam Smith - How Do You Sleep,198,3,(x2),1208818,1033
Alan Walker - Sing Me to Sleep,201,20,,1204108,7
Billie Eilish & Khalid - lovely,532,31,,1201642,2996
Andreas Gabalier - Hulapalu,28,90,,1201005,141
"Fergie, Q-Tip & GoonRock - A Little Party Never Killed Nobody",202,36,,1198046,18
George Ezra - Paradise,317,27,,1196316,63
The Chainsmokers - #Selfie,136,5,,1195273,16
Duke Dumont - I Got U,176,24,,1195122,44
"Hugh Jackman, Keala Settle, Zac Efron, Zendaya & The Greatest Showman Ensemble - The Greatest Show",403,27,,1194625,192
Lana Del Rey - Born to Die,130,18,,1194009,0
Jess Glynne - Hold My Hand,163,18,,1193139,32
Nicky Jam & J Balvin - X,193,12,,1190227,0
Inna - Sun Is Up,213,20,,1189334,0
Zara Larsson & MNEK - Never Forget You,256,32,,1188973,0
Beyoncé - Hold Up,165,3,(x1),1185727,0
Taylor Swift - Lover,173,1,(x1),1181837,3861
Billie Eilish - bury a friend,205,4,,1179661,229
Linkin Park - BURN IT DOWN,184,5,,1177210,0
Florence + The Machine - Spectrum,203,30,,1170348,0
Deorro & Chris Brown - Five More Hours,178,20,,1166076,0
David Guetta - This One's For You,128,6,,1166052,0
Queen - Don't Stop Me Now,314,26,,1165535,703
Alessia Cara - Scars to Your Beautiful,204,17,,1165425,0
Cobra Starship - You Make Me Feel...,206,20,,1164586,0
Billie Eilish - everything i wanted,83,1,(x3),1164479,15116
Galantis - Runaway,226,42,,1160782,0
Kygo & Imagine Dragons - Born to Be Yours,176,1,(x3),1159093,0
Galantis - No Money,172,15,,1157590,0
Guns N' Roses - Sweet Child o' Mine,1,106,,1155670,223
Zhu - Faded,200,31,,1153451,24
Avicii - SOS,154,2,(x3),1150459,108
Take That - The Flood,156,12,,1146456,0
The Black Eyed Peas - Don't Stop the Party,147,18,,1145689,0
Zac Efron & Zendaya - Rewrite the Stars,335,27,,1142978,32
Selena Gomez - The Heart Wants What It Wants,134,4,,1140010,0
Bruno Mars - Versace on the Floor,222,24,,1139399,94
Mohombi - Bumpy Ride,188,25,,1139089,0
Selena Gomez - Same Old Love,183,4,,1138426,16
Shawn Mendes - If I Can't Have You,161,1,(x6),1138095,85
James Blunt - Bonfire Heart,169,25,,1137751,32
Mike Perry - The Ocean,168,20,,1137705,133
Ed Sheeran - Lego House,141,51,,1134489,19
Katy Perry - Swish Swish,181,6,,1132853,0
Little Mix - Secret Love Song,174,42,,1131375,51
Hailee Steinfeld & Grey - Starving,170,17,,1128667,16
One Direction - One Thing,294,43,,1127839,0
Britney Spears - Work Bitch,121,4,,1125912,13
Post Malone - Psycho,203,8,,1119443,48
Chris Stapleton - Tennessee Whiskey,115,56,,1118290,552
Avicii - Without You,159,7,,1117284,0
Taylor Swift - ...Ready For It,146,1,(x3),1116939,172
Britney Spears - Hold It Against Me,103,2,(x9),1114366,0
Beyoncé - Best Thing I Never Had,139,18,,1114250,0
Shakira - Try Everything,178,20,,1112540,997
"The Weeknd, Kendrick Lamar - Pray For Me",142,3,(x1),1110900,16
Blanco Brown - The Git Up,243,14,,1110316,1311
Carlos Vives - Volví a Nacer,92,58,,1108035,336
Ed Sheeran - Happier,211,15,,1106637,0
"Alicia Keys - Empire State of Mind, Pt. 2",112,43,,1106511,0
Arctic Monkeys - Do I Wanna Know,146,7,,1105815,258
"Flo Rida - I Don't Like It, I Love It",160,19,,1105627,0
Ellie Goulding - Still Falling for You,133,14,,1105315,7
Simple Plan - Summer Paradise,175,28,,1104331,0
Pharrell Williams - Freedom,132,3,(x2),1099228,34
Billie Eilish - when the party's over,350,14,,1093320,4741
Eminem - Berzerk,123,5,,1091903,0
Bruno Mars - Count On Me,--,105,,1090296,94
Gente de Zona - La Gozadera,225,58,,1087906,105
Olly Murs - Up,217,33,,1085351,0
The Wanted - Chasing the Sun,188,25,,1083164,0
Triggerfinger - I Follow Rivers,181,59,,1071662,113
Nicki Minaj - Anaconda,125,12,,1070881,0
G-Eazy & Halsey - Him & I,163,13,,1067790,0
X Ambassadors - Renegades,216,31,,1063420,0
LMFAO - Champagne Showers,199,21,,1062948,0
Jax Jones - Breathe,219,21,,1060919,0
Dr. Dre - I Need a Doctor,136,11,,1057603,0
James Morrison - I Won't Let You Go,159,20,,1056671,0
The Weeknd - Blinding Lights,68,2,(x5),1053328,18500
Adele - All I Ask,94,8,,1052170,94
James Newton Howard - The Hanging Tree,139,1,(x9),1052152,0
Marlon Roudette - New Age,267,37,,1049850,24
Beyoncé - Love On Top,125,33,,1048465,30
ADELE - Make You Feel My Love,71,33,,1047476,65
Swedish House Mafia - One,154,18,,1045347,0
Enrique Iglesias - Loco,9,86,,1044981,81
Route 94 - My Love,173,26,,1044188,15
The Killers - Human,2,104,,1042549,53
Ariana Grande - Dangerous Woman,126,1,(x2),1040753,0
Beyoncé - Formation,129,1,(x4),1039770,0
Tom Odell - Another Love,76,61,,1037092,58
Aloe Blacc - The Man,148,13,,1033224,0
Sam Hunt - Body Like a Back Road,284,50,,1027011,0
Sigma - Nobody to Love,171,27,,1025385,26
Michael Jackson - Hold My Hand,103,4,,1023741,0
Demi Lovato - Sorry Not Sorry,185,2,(x1),1022202,35
Selena Gomez - Lose You to Love Me,105,1,(x7),1019550,4678
Florence + The Machine - Dog Days Are Over,83,44,,1018863,32
Jonas Brothers - Only Human,212,14,,1017324,2899
Gossip - Heavy Cross,59,36,,1016565,109
Meghan Trainor - Me Too,169,25,,1012054,32
Swedish House Mafia - Greyhound,170,23,,1007166,0
LMFAO - Sorry for Party Rocking,139,23,,1005715,0
Amy Macdonald - This Is the Life,40,73,,1003946,52
J Balvin - Ginza,237,66,,1003526,0
Khaled - C'est la vie,--,103,,1001666,0
NF - Let You Down,174,22,,1000367,33
Macklemore & Ryan Lewis - Downtown,140,14,,999724,0
Bebe Rexha & Florida Georgia Line - Meant to Be,219,19,,997971,87
Nickelback - When We Stand Together,161,17,,997174,3
Jason Derülo - It Girl,157,12,,996103,0
Pitbull & Ne-Yo - Time of Our Lives,166,20,,995290,0
"Kendrick Lamar, SZA - All The Stars",136,5,,992307,17
Major Lazer - Watch Out For This,175,37,,989329,0
Madonna - Give Me All Your Luvin',83,1,(x3),986866,0
Stromae - Formidable,165,56,,986480,56
Starley - Call on Me,174,19,,984486,0
Maroon 5 - Cold,126,7,,982636,0
Birdy - Wings,135,33,,981334,98
Chris Brown - Turn Up the Music,153,23,,978989,0
Bad Wolves - Zombie,219,22,,977888,85
Lorde - Green Light,137,3,(x1),975096,36
Selena Gomez - Slow Down,199,14,,975077,24
Freya Ridings - Castles,234,19,,972744,4005
Anna Naklab - Supergirl,188,40,,972335,14
Sean Paul - No Lie,202,27,,967961,32
John Legend - Love Me Now,151,12,,966933,0
David Guetta - When Love Takes Over,55,59,,966503,60
Lizzo - Good as Hell,193,6,,964288,4632
Pentatonix - Hallelujah,173,11,,964030,0
Nicki Minaj - Pound the Alarm,147,14,,963767,0
Robin Schulz - Headlights,160,24,,963112,0
Niall Horan - This Town,146,1,(x3),961435,0
Adam Levine - Lost Stars,54,30,,958052,42
Fonseca - Eres Mi Sueño,--,131,,953131,322
One Direction - Night Changes,151,1,(x3),952468,32
Rudimental - Feel the Love,149,36,,952003,30
Jason Derülo - The Other Side,165,20,,948921,0
Cheat Codes - No Promises,170,6,,943570,0
Snow Patrol - Called Out In the Dark,159,19,,942748,0
Alejandro Fernández - Hoy Tengo Ganas De Ti,29,74,,942455,45
Sigala - Easy Love,151,19,,940910,0
Ricky Martin - Vente Pa' Ca,240,56,,939174,73
The Script - The Man Who Can't Be Moved,--,113,,934989,89
Sara Bareilles - Brave,128,45,,934259,0
Swedish House Mafia & Tinie Tempah - Miami 2 Ibiza,148,15,,932624,0
Alexis Jordan - Happiness,193,28,,932192,16
Alejandro Sanz - No Me Compares,135,34,,930345,0
Zedd - Stay the Night,186,27,,929987,0
DJ Snake & AlunaGeorge - You Know You Like It,154,30,,928702,17
Mumford & Sons - Little Lion Man,109,52,,926293,32
The White Stripes - Seven Nation Army,6,70,,926162,151
Fetty Wap - Trap Queen,166,35,,922745,0
Katy Perry - Never Really Over,130,1,(x4),922038,83
Queen - We Are the Champions,171,19,,919392,451
Far East Movement - Live My Life,137,8,,913801,0
Don Omar - Hasta Que Salga el Sol,47,44,,913649,0
Alok & Bruno Martini - Hear Me Now,171,39,,913293,0
Kygo & Miguel - Remind Me to Forget,195,9,,912864,0
Adele - Water Under the Bridge,165,13,,908938,0
Lizzo - Truth Hurts,291,20,,908461,1332
Alvaro Soler - El Mismo Sol,146,38,,905218,0
Maluma - Felices los 4,254,39,,904866,71
Hurts - Wonderful Life,162,19,,903956,4
Kanye West - All of the Lights,140,25,,903042,32
Lenny Kravitz - The Chamber,194,33,,902492,21
Prince Royce - Darte un Beso,1,96,,901050,248
Ariana Grande - God is a woman,127,1,(x3),900205,0
Jennifer Lopez - Live It Up,119,11,,899066,23
Future - Mask Off,148,31,,894191,0
Taylor Swift - 22,142,31,,893623,0
Beyoncé - Sorry,137,10,,893446,0
"Christina Perri - A Thousand Years, Pt. 2",92,9,,892612,39
Maroon 5 - She Will Be Loved,4,40,,891149,128
One Direction - Kiss You,123,19,,887520,7
Sia - Alive,154,4,,886615,32
Leona Lewis - Run,114,49,,885865,49
Ed Sheeran - South of the Border,178,5,,883719,4229
Drake - Passionfruit,110,8,,881705,0
Muse - Uprising,67,53,,881514,6
Tacabro - Tacatà,152,26,,879074,0
Olly Murs - Heart Skips a Beat,195,52,,878939,41
"Dan + Shay & Justin Bieber - 10,000 Hours",124,2,(x2),878693,3949
Robin Schulz - Speechless,216,29,,878198,32
Sam Smith - Lay Me Down,130,9,,877131,32
George Ezra - Blame It on Me,177,43,,875913,0
Chris Rea - Driving Home for Christmas,221,18,,875795,0
Bebe Rexha - Meant to Be,163,19,,875499,0
"Ziv Zaifman, Hugh Jackman & Michelle Williams - A Million Dreams",340,39,,872455,34
Daddy Yankee - Dura,238,36,,872001,3
Stromae - Tous les mêmes,140,52,,870788,0
"Alan Walker, Sabrina Carpenter & Farruko - On My Way",264,5,,868511,677
Drake - Nice For What,125,4,,868116,0
Kwabs - Walk,197,45,,867638,8
Bazzi - Mine,184,18,,866199,0
Caro Emerald - A Night Like This,157,50,,864089,28
The Black Eyed Peas & J Balvin - RITMO,117,13,,862694,7239
Macklemore - Glorious,184,28,,862249,0
Ariana Grande - Focus,94,2,(x2),861369,25
Selena Gomez - Bad Liar,113,2,(x1),861052,0
Tove Lo - Stay High,164,34,,856719,0
Lady GaGa - Yoü and I,120,16,,856564,0
Cardi B - Bodak Yellow,221,26,,855379,11
Nirvana - Smells Like Teen Spirit,5,92,,853661,318
Calum Scott & Leona Lewis - You Are the Reason,307,13,,852121,78
Avicii - You Make Me,152,25,,851391,3
Madcon - Glow,175,39,,850821,0
Red Hot Chili Peppers - The Adventures of Rain Dance Maggie,124,3,(x1),849473,0
Empire of the Sun - We Are the People,151,41,,849247,19
Sia - Unstoppable,186,9,,848973,2815
Calvin Harris - Bounce,146,31,,848815,0
Grace - You Don't Own Me,105,44,,847578,0
CNCO & Little Mix - Reggaetón Lento,182,5,,847382,0
Ne-Yo - Beautiful Monster,118,16,,847300,0
Becky G - Shower,167,37,,846842,0
Zara Larsson - Uncover,76,78,,846731,0
Sam Hunt - Take Your Time,20,74,,846626,0
Whitney Houston - I Will Always Love You,34,1,(x1),845275,127
DAOKO×米津玄師 - Uchiagehanabi,278,83,,844898,153
Hebe Tien - A Little Happiness,--,136,,843562,13
Ellie Goulding - How Long Will I Love You,145,50,,840926,32
Omi - Hula Hoop,154,22,,840478,0
Lady Gaga - The Cure,120,1,(x3),839919,0
Muse - Madness,139,6,,839737,0
Coldplay - Yellow,5,88,,839080,225
Madcon - Freaky Like Me,206,36,,837327,21
Avril Lavigne - Head Above Water,171,1,(x4),837303,0
"David Guetta, Bebe Rexha & J Balvin - Say My Name",192,22,,835580,0
Enrique Iglesias - I Like How It Feels,119,25,,832214,0
Post Malone - I Fall Apart,254,47,,831701,32
Tiësto & Dzeko - Jackie Chan,169,14,,830687,0
AC/DC - Highway to Hell,17,18,,829571,454
Avicii - The Days,122,5,,829038,0
OneRepublic - Secrets,90,48,,828647,12
Armin van Buuren - Blah Blah Blah,216,35,,826197,242
Wisin - Adrenalina,22,88,,823354,142
Bastille - Of the Night,152,30,,822680,0
Andreas Bourani - Auf uns,24,79,,821833,71
5 Seconds of Summer - She Looks So Perfect,134,4,,821785,0
Lady GaGa & Beyoncé - Telephone,116,32,,819638,0
Linkin Park - Numb,25,2,(x2),818574,134
Adele - Rumour Has It,155,50,,818460,0
The Weeknd - Call Out My Name,136,1,(x1),818283,52
Cris Cab - Liar Liar,126,34,,817717,0
Franco de Vita - Tan Sólo Tú,25,62,,817531,63
Robbie Williams - Love My Life,152,19,,817339,8
Lil Wayne - Mirror,140,24,,817043,0
Florence + The Machine - Shake It Out,160,29,,816675,0
One Direction - History,130,7,,816166,0
The Black Eyed Peas - Meet Me Halfway,60,57,,814713,51
米津玄師 - LOSER,193,127,,814598,396
Lost Frequencies & Zonderling - Crazy,230,37,,814517,0
One Direction - Little Things,119,6,,814232,0
Demi Lovato - Give Your Heart a Break,150,69,,813144,0
David Guetta - Bang My Head,145,15,,812258,0
Michael Bublé - It's a Beautiful Day,146,22,,811181,0
M83 - Midnight City,13,64,,810262,268
Martin Garrix - Ocean,153,6,,810166,0
Taio Cruz - Break Your Heart,113,21,,808982,27
Auli'i Cravalho - How Far I'll Go,136,33,,806994,68
Khalid - Talk,216,15,,805990,142
Daft Punk - Lose Yourself to Dance,116,40,,805806,54
Olly Murs - Dear Darlin',173,48,,805309,25
Juice WRLD - Lucid Dreams,232,16,,803284,153
Katy Perry - Rise,80,1,(x7),802843,0
"Meduza, Becky Hill & GOODBOYS - Lose Control",117,13,,801886,6833
DJ Antoine - Ma chérie,139,59,,801530,16
Sam Smith - Money On My Mind,124,27,,801398,0
Ke$ha - Take It Off,118,18,,799290,0
Beyoncé - Single Ladies,22,77,,799218,48
NEIKED - Sexual,150,28,,797943,0
Anna Kendrick - Cups,124,65,,797363,0
London Grammar - Strong,131,40,,795152,162
LunchMoney Lewis - Bills,167,38,,792981,0
The Script - For the First Time,127,24,,792937,0
Little Mix - Black Magic,141,12,,791231,0
Justin Timberlake - Not a Bad Thing,125,33,,789444,0
Aerosmith - I Don't Want to Miss a Thing,2,93,,789006,146
G-Eazy & Kehlani - Good Life,108,10,,787014,0
ONE OK ROCK - Wherever You Are,3,134,,786603,277
BTS - Boy With Luv,223,1,(x4),784761,665
XXXTENTACION - Sad,176,2,(x1),784749,0
Oasis - Wonderwall,11,22,,784391,138
BLACKPINK - DDU-DU DDU-DU,335,9,,782337,159
Queen - I Want to Break Free,161,21,,781622,37
Phillip Phillips - Home,79,71,,781613,0
Avril Lavigne - Here's To Never Growing Up,126,8,,780424,0
Tyga - Taste,187,29,,779588,0
Tracy Chapman - Fast Car,20,53,,779409,82
Little Mix - Shout Out to My Ex,112,4,,778843,0
Sia - Never Give Up,161,33,,777350,0
Bon Jovi - It's My Life,4,61,,776633,191
Fall Out Boy - My Songs Know What You Did In the Dark,116,12,,775763,32
Lauv & Troye Sivan - i'm so tired...,160,6,,774005,46
Dan + Shay - Tequila,315,44,,773712,223
Marshmello - Here With Me,147,12,,773168,185
Maître Gims - Est-ce que tu m'aimes,13,82,,772400,49
Machine Gun Kelly & Camila Cabello - Bad Things,129,13,,771861,0
Otto Knows - Million Voices,180,49,,771801,0
Kesha - Praying,173,9,,770817,0
Kygo - Stargazing,187,14,,769773,0
"Skrillex & Damian ""Jr. Gong"" Marley - Make It Bun Dem",59,47,,768833,46
John Lennon - Imagine,37,18,,768580,80
Shakira - Addicted to You,146,40,,768282,33
U2 - With or Without You,10,80,,766941,16
Calvin Harris - Let's Go,161,32,,766018,0
MØ - Final Song,136,34,,765780,0
Coldplay - Clocks,6,86,,765686,66
Radiohead - Creep,5,75,,765535,159
Cee Lo Green - Forget You,182,39,,764620,0
Zedd - I Want You to Know,128,3,(x2),763783,0
Louis Tomlinson - Back to You,106,2,(x1),762564,0
Duffy - Mercy,1,97,,761697,14
Rihanna - You Da One,130,23,,759849,0
Robbie Williams & Gary Barlow - Shame,111,11,,757615,0
Alec Benjamin - Let Me Down Slowly,237,30,,757156,66
Flo Rida - Right Round,1,100,,756920,24
Rudimental - Lay It All On Me,139,19,,755319,0
Shakira - La La La,83,9,,755189,110
Coldplay - Christmas Lights,81,1,(x3),755178,0
Wisin & Yandel - Follow The Leader,114,40,,754207,0
Chino & Nacho - Andas En Mi Cabeza,2,95,,754074,188
Brooke Fraser - Something In the Water,130,53,,753983,0
Don Omar - Dutty Love,57,46,,751981,90
Mariah Carey - #Beautiful,111,10,,751531,0
Rita Ora - I Will Never Let You Down,151,36,,749411,0
Lukas Graham - Mama Said,99,54,,748502,0
Travis Scott - SICKO MODE,238,19,,746659,91
Taylor Swift - Delicate,192,18,,744253,132
Danny Ocean - Me Rehúso,155,56,,742941,8
Martin Solveig & GTA - Intoxicated,185,50,,737352,0
Khalid & Normani - Love Lies,256,28,,734631,0
Kelly Clarkson - Heartbeat Song,131,23,,734372,0
Lenka - Everything At Once,164,37,,734234,87
Bad Bunny - MIA,167,6,,733778,98
Enrique Iglesias - Dirty Dancer,119,20,,733547,0
Rudimental - Waiting All Night,124,40,,732199,7
Jeff Buckley - Hallelujah,31,49,,730619,53
The Killers - Mr. Brightside,11,88,,728645,371
André Hazes Jr. - Leef,64,148,,727349,148
Mike Will Made-It - 23,133,20,,727199,0
"Kristen Bell, Agatha Lee Monn & Katie Lopez - Do You Want to Build a Snowman",137,59,,725912,85
Keane - Somewhere Only We Know,6,89,,725577,84
Timmy Trumpet & Savage - Freaks,128,48,,723871,172
Kelly Clarkson - Mr. Know It All,131,18,,723661,0
Maroon 5 - Misery,90,15,,723521,0
Zara Larsson - Ain't My Fault,118,20,,723497,0
Train - Play That Song,137,47,,723204,0
Family of the Year - Hero,29,74,,720122,0
Chris Brown - Loyal,115,42,,719725,8
Guns N' Roses - November Rain,--,129,,719172,131
Tim Berg - Seek Bromance,156,33,,717158,0
Eliza Doolittle - Pack Up,161,34,,716119,0
Ed Sheeran - Cross Me,117,3,(x3),715139,97
Marshmello & Kane Brown - One Thing Right,228,29,,713928,990
G.R.L. - Ugly Heart,164,52,,712959,16
Mark Forster - Au revoir,111,77,,711934,85
Demi Lovato - Cool for the Summer,118,1,(x1),711599,0
Hailee Steinfeld & BloodPop® - Capital Letters,163,4,,711307,51
Tinie Tempah - Girls Like,136,30,,709718,0
Marlon Roudette - When the Beat Drops Out,151,45,,708226,0
Lloyd - Dedication to My Ex,169,38,,708129,0
"Silk City, Dua Lipa - Electricity",147,1,(x1),706488,32
Amy Winehouse - Back to Black,26,5,,706397,51
Selena Gomez - Kill Em With Kindness,114,25,,704982,0
Big Shaq - Man's Not Hot,140,24,,704936,0
David Guetta - Memories,106,30,,703184,0
Rihanna - Cheers,113,20,,702303,7
Ellie Goulding - Anything Could Happen,143,53,,701745,0
Shakira - Dare,152,27,,700823,0
Tiësto - Red Lights,129,35,,700491,0
Amy Winehouse - Rehab,24,3,(x4),698977,16
John Mayer - New Light,295,10,,698695,125
Far East Movement - Turn Up the Love,130,44,,698677,0
Die Toten Hosen - Tage wie diese,33,92,,698238,190
Alan Walker - The Spectre,139,30,,693807,0
Dawin - Dessert,121,69,,692574,50
