Pos,Artist and Title,Wks,T10,Pk,(x?),PkStreams,Total
1,Ed Sheeran - Shape of You,160,34.0,1,(x14),64217796,2397753371
2,Post Malone - rockstar,124,27.0,1,(x17),46995997,1797570391
3,The Chainsmokers - Closer,168,28.0,1,(x11),46300740,1628344338
4,Drake - One Dance,129,26.0,1,(x14),47782311,1555622901
5,Drake - God's Plan,97,21.0,1,(x11),54891573,1414559787
6,Post Malone - Sunflower - Spider-Man: Into the Spider-Verse,67,31.0,1,(x2),34579416,1309011864
7,Ed Sheeran - Perfect,151,15.0,4,,24763619,1308547205
8,Camila Cabello - Havana,114,25.0,1,(x1),33129706,1305095150
9,James Arthur - Say You Won't Let Go,174,15.0,7,,19297939,1295463634
10,Imagine Dragons - Believer,156,,16,,16864827,1254089676
11,Ed Sheeran - Thinking out Loud,235,22.0,1,(x2),12966533,1230229886
12,Shawn Mendes - Señorita,32,23.0,1,(x14),67237638,1185043099
13,XXXTENTACION - SAD!,100,12.0,1,(x2),38010231,1180380274
14,Imagine Dragons - Thunder,138,3.0,8,,21076623,1178953419
15,Dua Lipa - New Rules,104,23.0,2,(x3),26215788,1159764804
16,Ed Sheeran - Photograph,250,,15,,8088843,1158961724
17,Billie Eilish - bad guy,44,24.0,1,(x6),50342324,1147479900
18,Post Malone - Better Now,92,11.0,1,(x6),40788286,1128205041
19,The Chainsmokers - Something Just Like This,130,12.0,2,(x2),33173199,1117180229
20,Luis Fonsi - Despacito - Remix,64,19.0,1,(x14),54729818,1092396262
21,Marshmello - Happier,76,22.0,2,(x1),28685390,1087133734
22,Juice WRLD - Lucid Dreams,90,15.0,3,(x1),27389019,1082304140
23,Lil Uzi Vert - XO TOUR Llif3,111,2.0,10,,19373632,1030645895
24,Ariana Grande - 7 rings,54,16.0,1,(x10),71467874,1023586758
25,Maroon 5 - Girls Like You,87,14.0,2,(x1),29296811,1022693132
26,Lady Gaga - Shallow,70,12.0,3,(x2),31597226,1003988836
27,"Ariana Grande - thank u, next",65,17.0,1,(x8),59975503,1003590826
28,Tones and I - Dance Monkey,28,22.0,1,(x15),52055226,997113131
29,Post Malone - Congratulations,128,,20,,15632229,990710095
30,XXXTENTACION - Jocelyn Flores,126,2.0,7,,25442646,985805325
31,Kendrick Lamar - HUMBLE.,95,12.0,1,(x1),41269524,985684392
32,Justin Bieber - Love Yourself,108,22.0,1,(x3),28218558,967608716
33,The Weeknd - Starboy,84,21.0,1,(x6),35360281,952641510
34,Justin Bieber - Sorry,92,21.0,1,(x8),34283993,945730140
35,The Chainsmokers - Don't Let Me Down,93,22.0,3,(x2),20867984,937382310
36,Lewis Capaldi - Someone You Loved,56,15.0,4,,24962682,931999539
37,Travis Scott - SICKO MODE,78,20.0,2,(x1),33399542,929023880
38,Halsey - Without Me,69,16.0,4,,27576694,920940852
39,Major Lazer - Lean On,120,33.0,1,(x10),18924031,916566107
40,Post Malone - Psycho,80,14.0,2,(x6),45142484,911952857
41,Cardi B - I Like It,74,14.0,2,(x1),27369377,908062879
42,benny blanco - Eastside,80,11.0,4,,24227312,903937227
43,DJ Snake - Taki Taki,62,18.0,1,(x4),40931264,896064520
44,Mike Posner - I Took A Pill In Ibiza - Seeb Remix,99,22.0,2,(x3),23018299,891175647
45,Lauv - I Like Me Better,137,,29,,12704967,885636335
46,Ed Sheeran - I Don't Care,38,17.0,1,(x6),58370367,881983175
47,XXXTENTACION - Moonlight,97,2.0,2,(x1),27497557,875184933
48,French Montana - Unforgettable,78,15.0,3,(x1),25652839,873238651
49,Lil Nas X - Old Town Road - Remix,43,19.0,2,(x4),36616698,869291226
50,DJ Snake - Let Me Love You,67,22.0,2,(x1),32792765,856986795
51,5 Seconds of Summer - Youngblood,93,1.0,8,,22841733,856788314
52,Calvin Harris - One Kiss,72,14.0,2,(x4),30380257,851174897
53,Drake - In My Feelings,52,15.0,1,(x8),67499798,850630308
54,Billie Eilish - lovely,93,,24,,14081242,827973880
55,Post Malone - Wow.,58,14.0,2,(x1),31165644,826503229
56,Major Lazer - Cold Water,60,17.0,1,(x5),39612302,815313617
57,Ava Max - Sweet but Psycho,70,7.0,6,,22400542,813105691
58,Luis Fonsi - Despacito (Featuring Daddy Yankee),62,15.0,4,,27082220,802424995
59,Sia - Cheap Thrills,83,18.0,3,(x1),22704478,771328890
60,Sam Smith - Too Good At Goodbyes,107,6.0,3,(x2),28527847,770308018
61,Justin Bieber - What Do You Mean?,76,24.0,1,(x8),29264063,767171936
62,Dua Lipa - IDGAF,78,12.0,4,,23715748,765728252
63,Daddy Yankee - Con Calma,53,15.0,2,(x3),31111446,749335203
64,Panic! At The Disco - High Hopes,83,1.0,9,,19643546,748819111
65,Post Malone - I Fall Apart,86,1.0,10,,17129238,745665805
66,Zedd - The Middle,82,7.0,6,,22125746,741276314
67,Bruno Mars - That's What I Like,85,9.0,6,,23602385,733976807
68,Billie Eilish - when the party's over,67,1.0,9,,22448428,729882923
69,Twenty One Pilots - Stressed Out,108,12.0,6,,18271666,723053286
70,DJ Khaled - I'm the One,51,16.0,2,(x7),40519723,720238325
71,Shawn Mendes - Treat You Better,82,13.0,5,,20386073,717975045
72,Marshmello - FRIENDS,67,13.0,4,,25664581,714909410
73,Calvin Harris - This Is What You Came For,64,18.0,2,(x11),26378633,710707296
74,"Justin Timberlake - CAN'T STOP THE FEELING! (Original Song from DreamWorks Animation's ""TROLLS"")",78,14.0,3,(x6),24236034,707632576
75,J Balvin - Mi Gente,57,15.0,1,(x4),32361062,706648562
76,Alan Walker - Faded,91,15.0,7,,17656352,705007917
77,John Legend - All of Me,202,15.0,3,(x2),6405273,701024081
78,Charlie Puth - Attention,60,13.0,5,,22888447,700064945
79,Fifth Harmony - Work from Home,74,20.0,2,(x3),22851136,698301324
80,Dean Lewis - Be Alright,79,,12,,17708246,693098702
81,Lukas Graham - 7 Years,86,14.0,2,(x1),21578772,691799286
82,Tyga - Taste,67,4.0,6,,24591233,690276332
83,Travis Scott - goosebumps,129,,60,,7396104,690163526
84,Bebe Rexha - Meant to Be,87,,18,,14838238,688386937
85,Bad Bunny - MIA,51,14.0,1,(x1),39639615,688289134
86,Pedro Capó - Calma - Remix,61,9.0,5,,23772814,687647813
87,Ariana Grande - no tears left to cry,61,8.0,2,(x1),38925971,685597568
88,ZAYN - I Don’t Wanna Live Forever (Fifty Shades Darker),68,14.0,2,(x2),30694422,682354310
89,Marshmello - Silence,71,8.0,8,,20339368,681892436
90,Dynoro - In My Mind,66,10.0,6,,22288306,676704919
91,Clean Bandit - Rockabye,65,14.0,3,(x3),22798862,674373152
92,Queen - Bohemian Rhapsody - Remastered 2011,86,,11,,18440196,671225259
93,Adele - Hello,73,15.0,1,(x3),44785665,668589866
94,Kygo - It Ain't Me,55,14.0,2,(x2),31981993,668193646
95,Rihanna - Work,60,15.0,1,(x9),33662868,652396816
96,Maroon 5 - What Lovers Do,68,10.0,5,,23951075,651050835
97,Anne-Marie - 2002,87,,27,,13698716,644432285
98,Shawn Mendes - Stitches,100,20.0,5,,15301964,643947324
99,Danny Ocean - Me Rehúso,69,,20,,13515074,640056355
100,Jonas Brothers - Sucker,48,11.0,2,(x2),34629196,638340281
101,The Weeknd - Can't Feel My Face,83,29.0,1,(x1),19390352,636191997
102,Post Malone - Circles,22,18.0,1,(x1),43379405,632874874
103,Logic - 1-800-273-8255,62,9.0,5,,23662238,629521089
104,Twenty One Pilots - Heathens,61,13.0,4,,26546200,629357576
105,Charlie Puth - We Don't Talk Anymore,97,1.0,9,,18248508,624294216
106,Desiigner - Panda,72,13.0,3,(x1),24034197,618141508
107,Ed Sheeran - Beautiful People,31,16.0,3,(x3),36721702,615637506
108,Major Lazer - Light It Up,73,,11,,15684172,604569611
109,Khalid - Better,64,2.0,7,,21831365,601815595
110,Sam Smith - Dancing With A Stranger,55,10.0,7,,23144963,597967385
111,Shawn Mendes - There's Nothing Holdin' Me Back,58,5.0,5,,22413521,596905132
112,Drake - Hotline Bling,80,19.0,2,(x1),20870154,596313469
113,Drake - Nice For What,42,11.0,1,(x2),41781391,594741215
114,Khalid - Young Dumb & Broke,76,,12,,15871063,594366159
115,Mark Ronson - Uptown Funk,103,23.0,1,(x8),15350322,586491435
116,Zedd - Stay,55,11.0,7,,23118329,586299104
117,Selena Gomez - Wolves,57,14.0,3,(x1),24355051,586228775
118,Future - Mask Off,58,9.0,5,,25847893,582487201
119,Martin Garrix - In the Name of Love,59,10.0,6,,21797864,581181619
120,Nio Garcia - Te Boté - Remix,53,2.0,8,,19829896,580565818
121,The Weeknd - I Feel It Coming,62,8.0,4,,22658206,579239741
122,Billie Eilish - bury a friend,53,7.0,2,(x1),35408536,578677174
123,Sam Smith - Stay With Me,145,26.0,2,(x4),8537137,578380137
124,"G-Eazy - Me, Myself & I",70,14.0,4,,17839641,564775200
125,Clean Bandit - Symphony,60,,11,,21433880,561744393
126,Jason Derulo - Swalla,54,6.0,6,,21809411,560860745
127,BlocBoy JB - Look Alive,57,6.0,6,,22486856,557605940
128,Zara Larsson - Lush Life,93,,15,,12272269,551641716
129,Post Malone - Goodbyes (Feat. Young Thug),30,13.0,2,(x1),37067320,548686691
130,DNCE - Cake By The Ocean,82,,12,,15222959,547344387
131,Clean Bandit - Solo,49,7.0,8,,24095921,546828888
132,Hozier - Take Me To Church,113,20.0,1,(x5),13212580,543835168
133,Drake - Too Good,48,18.0,5,,19402522,542497343
134,Anuel Aa - China,28,12.0,2,(x4),33436706,542235787
135,Ed Sheeran - Galway Girl,58,5.0,2,(x1),31063488,542207088
136,Hailee Steinfeld - Starving,66,,12,,16495002,539154382
137,The Weeknd - The Hills,92,11.0,3,(x1),14363491,537464309
138,Ariana Grande - Side To Side,59,10.0,6,,20877291,537400584
139,Twenty One Pilots - Ride,79,1.0,10,,15813811,537094400
140,Khalid - Location,79,,34,,11072906,536818581
141,Mariah Carey - All I Want for Christmas Is You,41,13.0,1,(x1),45828931,533846609
142,Julia Michaels - Issues,65,1.0,9,,18886951,533154479
143,The Chainsmokers - Paris,48,12.0,2,(x3),28872070,531337298
144,Ed Sheeran - Castle on the Hill,56,9.0,2,(x2),35059860,529615023
145,Bruno Mars - 24K Magic,62,6.0,6,,20739017,527459491
146,Calvin Harris - Promises,52,8.0,5,,23666223,525181112
147,Jack Ü - Where Are Ü Now,81,23.0,3,(x1),11738161,524252721
148,Bad Bunny - Callaita,35,8.0,7,,22380052,520703185
149,Lil Tecca - Ransom,35,10.0,3,(x2),27574962,519791949
150,Axwell /\ Ingrosso - More Than You Know,62,,15,,16550135,517548978
151,Meek Mill - Going Bad,55,,11,,17883199,517504956
152,Demi Lovato - Sorry Not Sorry,56,3.0,7,,19545702,517161784
153,Sia - Chandelier,128,23.0,3,(x3),8493093,516437237
154,XXXTENTACION - Fuck Love,80,,19,,16680157,511902114
155,DJ Khaled - Wild Thoughts,40,12.0,2,(x4),31981224,506184874
156,Lil Nas X - Old Town Road,40,10.0,3,(x2),30103989,504284723
157,Kendrick Lamar - All The Stars,44,7.0,2,(x2),31352011,503976206
158,Portugal. The Man - Feel It Still,64,,18,,14096574,503935939
159,XXXTENTACION - changes,65,1.0,9,,23766098,503161335
160,Loud Luxury - Body,64,,19,,16136787,502428465
161,Jonas Blue - Fast Car,62,4.0,10,,16501675,502209439
162,Liam Payne - Strip That Down,47,7.0,9,,20399177,501969151
163,J. Cole - MIDDLE CHILD,53,2.0,2,(x1),33187464,500993131
164,NF - Let You Down,46,10.0,9,,19989871,497222105
165,ZAYN - Dusk Till Dawn,41,11.0,4,,22579858,494566732
166,ZAYN - PILLOWTALK,59,13.0,1,(x2),27477356,493993282
167,Rudimental - These Days,51,1.0,9,,19683315,493838843
168,Martin Garrix - Scared to Be Lonely,55,4.0,5,,22668956,493661628
169,Drake - Passionfruit,56,6.0,2,(x2),32507239,492003941
170,Maroon 5 - Memories,19,15.0,2,(x1),31572344,487833652
171,Wiz Khalifa - See You Again,83,18.0,1,(x6),21852951,484510893
172,The Chainsmokers - Roses,69,6.0,7,,14398355,484221245
173,Nicky Jam - X,34,10.0,4,,25335647,483456853
174,Khalid - Love Lies,49,,11,,20042219,483126319
175,"gnash - i hate u, i love u",57,,13,,13840077,482561714
176,Ed Sheeran - Happier,91,1.0,10,,23545568,476467704
177,Drake - Fake Love,48,10.0,7,,18569220,476434708
178,Kodak Black - ZEZE,39,8.0,3,(x1),29095302,475296500
179,Lizzo - Truth Hurts,40,,16,,16286337,470214253
180,Bazzi - Mine,48,6.0,3,(x1),23681960,468993923
181,Offset - Ric Flair Drip (& Metro Boomin),67,,32,,10965630,468474147
182,Starley - Call On Me - Ryan Riback Extended Remix,47,,13,,16885441,465738653
183,Maluma - Felices los 4,47,,17,,17123191,462895074
184,Calvin Harris - Feels,38,11.0,5,,23208440,462099346
185,Robin Schulz - Sugar,69,6.0,9,,10750515,461767760
186,Y2K - Lalala,32,5.0,4,,23833624,461499318
187,Maroon 5 - Sugar,93,11.0,2,(x1),13080140,455952316
188,Luis Fonsi - Échame La Culpa,40,8.0,7,,19056515,455074445
189,Jonas Blue - Mama,45,,11,,18912803,451206321
190,Maroon 5 - Don't Wanna Know,40,13.0,4,,21063863,450707447
191,Rihanna - Needed Me,58,,14,,13619575,450689857
192,Drake - Nonstop,43,2.0,1,(x1),43697135,448969830
193,Lil Baby - Drip Too Hard (Lil Baby & Gunna),49,,13,,16365307,448909392
194,Sam Smith - How Do You Sleep?,28,6.0,7,,22140829,447532822
195,Clean Bandit - Rather Be,121,17.0,1,(x7),8491112,446561447
196,MEDUZA - Piece Of Your Heart,42,,14,,16900857,444867481
197,Shawn Mendes - If I Can't Have You,38,7.0,4,,28103423,443918111
198,21 Savage - Bank Account,52,,22,,14030108,442378554
199,DJ Snake - Middle,64,,16,,14182166,441638949
200,Paulo Londra - Adan y Eva,41,,11,,17547601,441536836
201,"Ariana Grande - break up with your girlfriend, i'm bored",33,7.0,2,(x3),54707620,439898870
202,Jonas Blue - Perfect Strangers,58,,12,,17072020,436465982
203,Childish Gambino - Redbone,76,,35,,11798468,434702997
204,Sheck Wes - Mo Bamba,42,,11,,17459536,434608965
205,Hailee Steinfeld - Let Me Go,47,,16,,14630730,431998109
206,Calvin Harris - How Deep Is Your Love,64,14.0,3,(x2),13109875,430830938
207,Jonas Blue - Rise,46,,12,,20761497,430111732
208,OneRepublic - Counting Stars,151,24.0,3,(x5),5067704,429434298
209,Avicii - Wake Me Up,123,13.0,3,(x2),20549219,427683916
210,David Guetta - 2U,32,11.0,3,(x2),30303727,426973384
211,Mabel - Don't Call Me Up,43,,11,,17704582,425321887
212,Shakira - Chantaje,50,,13,,16232454,422780513
213,Alec Benjamin - Let Me Down Slowly,58,,27,,14487348,421467969
214,Travis Scott - BUTTERFLY EFFECT,67,,38,,12187233,414133747
215,Selena Gomez - Back To You,42,3.0,4,,24186683,414002136
216,Passenger - Let Her Go,163,,13,,3944815,413935898
217,Jhay Cortez - No Me Conoce - Remix,36,,20,,14989110,413705986
218,Fetty Wap - Trap Queen,83,12.0,7,,10544238,411877093
219,DJ Snake - Loco Contigo,33,1.0,10,,20067945,411744391
220,Ellie Goulding - Love Me Like You Do,75,15.0,3,(x4),19080054,411454169
221,Shawn Mendes - Mercy,59,,19,,13031872,411232555
222,Khalid - Talk,41,1.0,10,,18389998,410363188
223,Ozuna - Vaina Loca,40,,18,,16043684,406926662
224,Calvin Harris - Slide,36,,13,,18367402,406830519
225,6ix9ine - FEFE,30,7.0,2,(x1),31741382,403770867
226,Migos - Bad and Boujee,57,1.0,9,,18866776,403195155
227,Rae Sremmurd - Black Beatles,44,8.0,1,(x2),32026901,400833823
228,Arizona Zervas - ROXANNE,14,12.0,2,(x5),34104838,399806642
229,Drake - Money In The Grave (Drake ft. Rick Ross),33,4.0,5,,25117868,395700811
230,J Balvin - LA CANCIÓN,31,,17,,15922336,395151073
231,Tiësto - Jackie Chan,37,,11,,21601280,394343157
232,Lunay - Soltera - Remix,34,4.0,8,,19467987,392969302
233,Kygo - Firestone,85,8.0,4,,8534894,392362160
234,ROSALÍA - Con Altura,44,,30,,12456504,391644535
235,Eminem - Lose Yourself,160,,133,,4391774,391151029
236,Oasis - Wonderwall - Remastered,95,,152,,4687079,390969325
237,Ariana Grande - Into You,50,,14,,15071769,387315052
238,Post Malone - White Iverson,107,,38,,6058616,387186554
239,Natti Natasha - Criminal,46,,21,,12517942,386987487
240,Calvin Harris - My Way,40,4.0,8,,19655559,386403463
241,Lauv - i'm so tired...,42,,18,,15889051,385934789
242,Wham! - Last Christmas,38,6.0,2,(x1),37725693,385261527
243,Jason Derulo - Want to Want Me,73,14.0,2,(x1),13288062,384383171
244,Imagine Dragons - Natural,47,,19,,14639164,383817764
245,OMI - Cheerleader (Felix Jaehn Remix),46,30.0,2,(x3),13557794,381226227
246,Lil Nas X - Panini,31,3.0,7,,24238981,380161911
247,Zara Larsson - Never Forget You,56,,21,,10871263,378601678
248,Ariana Grande - God is a woman,33,5.0,2,(x1),29847494,378538738
249,XXXTENTACION - Look At Me!,75,,39,,11076255,376574941
250,Sech - Otro Trago,28,8.0,4,,25377792,375834575
251,Galantis - No Money,42,4.0,9,,17305382,375672373
252,Shawn Mendes - In My Blood,51,1.0,7,,21904395,374529988
253,Imagine Dragons - Radioactive,158,,15,,3353347,374359494
254,Cheat Codes - Sex,47,,11,,16271653,372780908
255,Travis Scott - HIGHEST IN THE ROOM,17,7.0,1,(x1),48161108,371991024
256,Wisin - Escápate Conmigo,50,,38,,10495140,371029141
257,Post Malone - Candy Paint,51,,17,,17508038,370420835
258,Mike Perry - The Ocean,41,,11,,14759290,369186755
259,Zion & Lennox - Otra vez,65,,42,,7496050,368400468
260,Dennis Lloyd - Nevermind,36,,18,,15423526,367966603
261,Lil Wayne - Sucker For Pain,49,2.0,10,,18557325,365530773
262,KYLE - iSpy,48,,21,,14064647,365023274
263,Queen - Don't Stop Me Now - Remastered,59,,51,,9119911,362890647
264,Vance Joy - Riptide,131,,16,,5217839,361078615
265,Lil Pump - Gucci Gang,32,7.0,6,,23269004,360034188
266,Eminem - River,28,9.0,2,(x1),29880509,359923402
267,Queen - Another One Bites The Dust - Remastered 2011,58,,36,,11262150,359609320
268,Chris Brown - No Guidance,34,,11,,18038661,358974942
269,Drake - Jumpman,72,,15,,8120994,358790474
270,DRAM - Broccoli,57,,27,,10613142,358518138
271,Kendrick Lamar - DNA.,46,2.0,3,(x1),30933703,357502939
272,Avicii - SOS,28,7.0,4,,28587934,357373179
273,Camila Cabello - Never Be the Same,38,4.0,4,,22147865,355510422
274,Maggie Lindemann - Pretty Girl - Cheat Codes X CADE Remix,43,,23,,14719156,354135942
275,Martin Jensen - Solo Dance,50,,25,,12133568,353947787
276,Anuel Aa - Secreto,31,,11,,20003882,353903896
277,A Boogie Wit da Hoodie - Swervin,46,,25,,14029976,353278785
278,Drake - Controlla,47,,22,,11928894,352654366
279,blackbear - hot girl bummer,23,3.0,9,,20814917,351653373
280,Becky G - Sin Pijama,38,,22,,15017587,351433215
281,Cardi B - Bodak Yellow,46,,21,,14718755,348985917
282,Jessie J - Bang Bang,95,12.0,4,,7863797,347170148
283,Flo Rida - My House,58,,14,,12794270,346321502
284,Imagine Dragons - Demons,141,6.0,8,,4612466,343863791
285,Ellie Goulding - Close To Me,43,,19,,13523043,342384804
286,Ali Gatie - It's You,33,,27,,13084417,342177032
287,Kygo - Stole the Show,68,11.0,4,,11026528,339965022
288,Dua Lipa - Don't Start Now,13,12.0,5,,29149812,339548188
289,Kygo - Stay,47,3.0,8,,11818636,337988679
290,Reik - Me Niego,37,,22,,13488299,337326802
291,Katy Perry - Dark Horse,114,19.0,1,(x5),7952065,336026946
292,Kendrick Lamar - LOVE. FEAT. ZACARI.,54,,14,,18211340,335689099
293,Selena Gomez - Lose You To Love Me,15,5.0,1,(x1),47227738,335330042
294,Ed Sheeran - Perfect Duet (Ed Sheeran & Beyoncé),44,3.0,3,(x1),26494583,335158647
295,Young Thug - The London,34,2.0,6,,22075360,334760238
296,Avicii - Lonely Together,39,,19,,13456689,334425361
297,Avicii - Without You,45,,20,,17362815,333726650
298,XXXTENTACION - Everybody Dies In Their Nightmares,59,,24,,14237794,333503446
299,Macklemore - Glorious,36,,14,,17664071,333166774
300,Kanye West - I Love It (& Lil Pump),26,6.0,1,(x3),36147990,333062937
301,Coldplay - A Sky Full of Stars,113,12.0,6,,6911681,332849520
302,FRENSHIP - Capsize,45,,24,,12067883,331405856
303,Justin Bieber - Friends,30,5.0,2,(x1),26564864,329306934
304,Kiiara - Gold,55,,30,,9706023,328077489
305,Avicii - Waiting For Love,62,11.0,3,(x1),15652092,327672368
306,The Weeknd - Call Out My Name,32,4.0,1,(x1),40628023,325515161
307,Dalex - Pa Mí - Remix,34,,17,,15702075,324543988
308,R. City - Locked Away,51,11.0,5,,12867274,324001506
309,Mau y Ricky - Desconocidos,43,,34,,11759133,323154491
310,Niall Horan - Slow Hands,39,,29,,12784854,322258869
311,Calvin Harris - Summer,80,19.0,1,(x10),9482413,320735134
312,Coldplay - Adventure of a Lifetime,57,2.0,9,,11783995,319844726
313,The Weeknd - Earned It (Fifty Shades Of Grey),71,7.0,6,,12514101,319779096
314,Cheat Codes - No Promises,41,,24,,14505601,319752108
315,WALK THE MOON - Shut Up and Dance,85,,12,,8167860,319610470
316,Daddy Yankee - Dura,31,2.0,9,,18341763,319442402
317,Bazzi - Beautiful,40,,30,,12052133,318997516
318,George Ezra - Shotgun,46,,35,,11231503,318340781
319,Gucci Mane - Wake Up in the Sky,37,,26,,13354462,317530163
320,Taylor Swift - Look What You Made Me Do,24,6.0,1,(x2),44480002,313320734
321,Piso 21 - Déjala que vuelva,40,,33,,11322485,313209277
322,Adele - Send My Love (To Your New Lover),43,,16,,13584892,311918245
323,Billie Eilish - wish you were gay,33,2.0,3,(x1),28662157,307786355
324,Coldplay - Hymn for the Weekend - Seeb Remix,38,,17,,13870439,307025441
325,The Black Eyed Peas - RITMO (Bad Boys For Life),16,5.0,9,,23528266,305873410
326,The Chainsmokers - All We Know,30,2.0,9,,17934292,304460579
327,Enrique Iglesias - SUBEME LA RADIO,31,,28,,13553135,303703457
328,Calvin Harris - Blame,69,18.0,1,(x6),12294095,303621856
329,Ozuna - Baila Baila Baila,30,,12,,16997583,303506679
330,Taylor Swift - You Need To Calm Down,30,3.0,4,,27274424,303032652
331,MAGIC! - Rude,71,17.0,1,(x8),9786082,301690629
332,Kungs - This Girl - Kungs Vs. Cookin' On 3 Burners,28,,14,,15731347,299507822
333,Karol G - Tusa,12,7.0,3,(x2),41434019,299215933
334,Maluma - 11 PM,35,,31,,12291848,299132707
335,Nicky Jam - El Perdón,74,,20,,7326481,299114213
336,Flume - Never Be Like You,55,,34,,9239841,298403258
337,CNCO - Reggaetón Lento (Bailemos),48,,32,,10206700,297855791
338,Coldplay - Hymn for the Weekend,56,,25,,10256893,297478615
339,Maluma - Corazón,35,,17,,13766534,296847428
340,DaBaby - Suge,40,,26,,12831493,296742769
341,Maluma - HP,31,,18,,15445245,296557615
342,Ed Sheeran - South of the Border,29,1.0,10,,20785809,295893369
343,Alessia Cara - Scars To Your Beautiful,44,,23,,10462379,295812286
344,XXXTENTACION - Arms Around You,25,5.0,3,(x1),26157297,294767929
345,Jason Mraz - I'm Yours,97,,124,,5127210,293416522
346,Enrique Iglesias - DUELE EL CORAZON,46,,26,,10604406,293282564
347,Lil Dicky - Freaky Friday,26,2.0,7,,23545449,293217637
348,MØ - Final Song,42,,21,,13084996,292848001
349,Big Sean - Bounce Back,48,,21,,13223799,292643691
350,A$AP Rocky - Praise The Lord (Da Shine),38,,25,,13341403,291859638
351,Regard - Ride It,21,,12,,17371573,291574818
352,Lil Baby - Yes Indeed,35,,12,,16713448,291525507
353,Pitbull - Timber,85,26.0,1,(x6),6968180,290337705
354,Martin Garrix - There for You,31,,18,,16703242,290336093
355,Charlie Puth - How Long,33,,15,,14554590,290301371
356,Harry Styles - Sign of the Times,38,,14,,18365320,288795181
357,Nicky Jam - Te Robaré,31,,28,,12171705,288089804
358,Bruno Mars - Finesse - Remix; feat. Cardi B,27,6.0,4,,20387864,288004994
359,Billie Eilish - everything i wanted,12,5.0,2,(x1),40323676,287997207
360,G-Eazy - Him & I,25,5.0,7,,19156433,287812135
361,Selena Gomez - Good For You,54,11.0,6,,10262365,287319132
362,Anuel Aa - Ella Quiere Beber - Remix,35,,33,,11131112,286526851
363,David Guetta - Flames,32,,20,,14405289,284813892
364,Lil Peep - Falling Down - Bonus Track,26,4.0,2,(x1),32511658,283639482
365,Billie Eilish - ocean eyes,55,,108,,6591565,283230598
366,Calvin Harris - Giant,30,,21,,14833347,282213371
367,Imagine Dragons - Whatever It Takes,60,,51,,8662342,281557178
368,Felix Jaehn - Ain't Nobody (Loves Me Better),55,,12,,8602659,281215456
369,Becky G - Mayores,37,,33,,10392546,280960035
370,Clean Bandit - I Miss You,32,,23,,12939221,280466909
371,Anitta - Downtown,32,,21,,12734008,280150549
372,BTS - Boy With Luv,30,3.0,3,(x1),31340590,279996321
373,Imagine Dragons - Bad Liar,36,,17,,15444402,279083790
374,Ozuna - Se Preparó,36,,30,,11079041,279060284
375,Mr. Probz - Waves - Robin Schulz Radio Edit,75,15.0,3,(x4),7253925,278320505
376,6ix9ine - BEBE,27,,17,,15167729,277293445
377,Macklemore & Ryan Lewis - Can't Hold Us,135,,14,,4780310,277230790
378,Toto - Africa,62,,137,,4927781,276728836
379,Chris Jeday - Ahora Dice,42,,46,,9557956,275417810
380,James Bay - Let It Go,99,,60,,4186310,275340921
381,Marshmello - Here With Me,29,,16,,16095016,274105542
382,Meghan Trainor - All About That Bass,56,19.0,2,(x4),10717542,274092082
383,Dominic Fike - 3 Nights,42,,51,,9924129,274032742
384,Bad Bunny - Sensualidad,32,,21,,12487991,273936566
385,Nicky Jam - El Amante,37,,32,,10699820,273666162
386,Michael Bublé - It's Beginning to Look a Lot Like Christmas,35,2.0,7,,25997383,272778940
387,Khalid - Saturday Nights,34,,19,,14560398,272573920
388,Ariana Grande - Santa Tell Me,32,2.0,4,,27506141,271368369
389,Louis Tomlinson - Back to You,31,,15,,17094543,271143305
390,Ed Sheeran - I See Fire,100,7.0,6,,4551384,270796511
391,One Direction - Drag Me Down,42,9.0,1,(x1),17373478,270608532
392,Rita Ora - Your Song,33,,29,,12547789,270507527
393,"Sofia Reyes - 1, 2, 3",35,,31,,11428399,270370249
394,Kygo - Higher Love,30,,31,,13369617,270250398
395,David Guetta - Bang My Head,43,,15,,10486838,268682154
396,J Balvin - QUE PRETENDES,31,,15,,17357042,268536616
397,Ariana Grande - breathin,27,2.0,2,(x1),25997814,268508104
398,Calvin Harris - Outside,67,13.0,4,,8370861,267429958
399,DJ Luian - Verte Ir,29,,25,,12586861,267074325
400,Jax Jones - You Don't Know Me,36,,17,,15002138,266552565
401,Selena Gomez - Hands To Myself,42,,12,,12292984,265159947
402,Alessia Cara - How Far I'll Go,35,,19,,13543940,264432336
403,A Boogie Wit da Hoodie - Look Back At It,30,,20,,15088372,264095621
404,Fetty Wap - 679,63,,11,,9291126,263733125
405,Billie Eilish - idontwannabeyouanymore,45,,67,,7849228,263567651
406,Ariana Grande - Problem,65,18.0,2,(x3),7890249,262950109
407,Lost Frequencies - Are You With Me,61,1.0,10,,8857030,262634560
408,Flo Rida - GDFR,64,8.0,6,,9333191,261816623
409,Maroon 5 - Maps,76,10.0,6,,8328898,261184257
410,Katy Perry - Never Really Over,27,1.0,10,,19261920,260673983
411,Migos - Walk It Talk It,35,,22,,14695037,259932739
412,YNW Melly - Murder On My Mind,32,,19,,16272850,259370718
413,DJ Khaled - No Brainer,19,5.0,2,(x1),27708887,258782051
414,Trevor Daniel - Falling,11,7.0,5,,29014454,258698054
415,Kygo - Stargazing,30,,15,,14648618,258532843
416,Pharrell Williams - Happy,97,15.0,2,(x2),6678956,257518266
417,Lukas Graham - Love Someone,36,,53,,8993351,257342829
418,J Balvin - Bonita,36,,42,,9583163,257017887
419,Lilly Wood and The Prick - Prayer in C - Robin Schulz Radio Edit,74,8.0,8,,6828745,256874275
420,Lady Gaga - Always Remember Us This Way,38,,35,,10609476,255930382
421,Katy Perry - Chained To The Rhythm,26,3.0,7,,21872281,255065002
422,Nico & Vinz - Am I Wrong,75,14.0,6,,6303006,254489431
423,Ellie Goulding - On My Mind,34,11.0,7,,12769261,253586868
424,Queen - Under Pressure - Remastered,47,,55,,8823104,252151109
425,Paulo Londra - Tal Vez,29,,24,,13246024,252139277
426,P!nk - What About Us,34,,18,,14750631,251555945
427,J Balvin - No Es Justo,29,,30,,12339454,251196085
428,Sech - Otro Trago - Remix,27,,11,,20076277,251121110
429,David Guetta - This One's for You,28,4.0,10,,16766892,250284905
430,The Weeknd - Blinding Lights,9,7.0,3,(x1),37841717,248963629
431,Manuel Turizo - Una Lady Como Tú,39,,38,,9818595,248860027
432,Fifth Harmony - Worth It,64,,12,,8538491,248842717
433,Juice WRLD - Robbery,28,,18,,16634927,248619907
434,Ariana Grande - Break Free,60,12.0,2,(x2),9101875,248504204
435,Mustard - Pure Water,33,,38,,11041777,247739039
436,Tainy - Adicto,23,,24,,12995071,247476988
437,Juice WRLD - All Girls Are The Same,39,,48,,9718306,246096351
438,Future - Low Life,57,,45,,7228219,244833232
439,G-Eazy - No Limit,30,,18,,14134442,242827532
440,Ariana Grande - Dangerous Woman,34,,14,,14064403,242784743
441,J. Cole - No Role Modelz,91,,64,,3883679,242672264
442,Miley Cyrus - Malibu,28,2.0,7,,21768525,242335864
443,Martin Garrix - Summer Days,23,,19,,15428634,242141744
444,Galantis - Runaway (U & I),89,,36,,4898044,241275752
445,David Guetta - Hey Mama,48,10.0,3,(x1),12188020,241200778
446,Bastille - Pompeii,103,,11,,4075094,241076976
447,"Dan + Shay - 10,000 Hours",17,3.0,5,,26054266,240585988
448,Machine Gun Kelly - Bad Things - With Camila Cabello,29,,16,,14773524,240076143
449,Flipp Dinero - Leave Me Alone,33,,34,,11045665,237539689
450,Rich The Kid - Plug Walk,30,,19,,14913401,237208002
451,Eminem - Lucky You,21,4.0,1,(x1),34874403,236723773
452,Martin Garrix - Ocean,25,,15,,18993111,236309833
453,Sia - Elastic Heart,68,4.0,7,,8781820,235072359
454,Maroon 5 - Animals,61,10.0,3,(x1),8076199,234997613
455,J Balvin - Safari,45,,43,,7832658,234869867
456,Ricky Martin - Vente Pa' Ca,46,,47,,7207223,234583051
457,"ROSALÍA - Yo x Ti, Tu x Mi",24,,20,,15070652,233549052
458,Ozuna - Síguelo Bailando,35,,43,,9646227,233416006
459,Rita Ora - Let You Love Me,28,,29,,12483237,232845630
460,Joel Adams - Please Don't Go,31,,28,,11124755,232762931
461,Juice WRLD - Bandit,17,,14,,17067491,232701679
462,Rihanna - FourFiveSeconds,58,4.0,1,(x3),16027911,232635112
463,The Vamps - All Night,31,,22,,12049520,232116251
464,Steve Aoki - Just Hold On,26,,16,,15149705,232053693
465,Alok - Hear Me Now,39,,27,,11140846,231952751
466,Becky G - Cuando Te Besé,29,,45,,9886882,231853720
467,Sam Hunt - Body Like A Back Road,42,,62,,6935836,231278047
468,Maroon 5 - Cold,26,,19,,15865523,231134646
469,Camilo - Tutu,25,,27,,14331450,230900618
470,Mark Ronson - Nothing Breaks Like a Heart,25,,22,,13877896,230660801
471,Migos - Slippery,45,,71,,6380929,230562767
472,Kent Jones - Don't Mind,29,,16,,13787675,229554398
473,The Weeknd - Pray For Me,19,5.0,3,(x1),22614831,229380013
474,AJR - Weak,35,,25,,11864437,228778178
475,Ariana Grande - boyfriend,18,3.0,3,(x1),31301265,227960793
476,Pitbull - Time of Our Lives,60,5.0,8,,8897197,227415012
477,21 Savage - a lot,26,,21,,16289065,226852124
478,Ed Sheeran - Don't,68,,14,,5676251,226163018
479,The Chainsmokers - This Feeling,34,,23,,13756039,225497957
480,Taylor Swift - ME!,26,,13,,18447537,224914963
481,Silk City - Electricity,27,,14,,15978272,223732001
482,Camila Cabello - Liar,21,,22,,14686481,223111023
483,Carlos Vives - La Bicicleta,51,,56,,5853593,222884921
484,The Chainsmokers - Takeaway,25,,28,,12667051,222054649
485,Roddy Ricch - The Box,7,4.0,2,(x3),48937592,221703729
486,Wolfine - Bella,25,,28,,12354627,221455894
487,The Chainsmokers - Who Do You Love,28,,33,,14072352,221286400
488,Anuel Aa - Amanece,29,,45,,10600299,221217583
489,Charlie Puth - Marvin Gaye,54,,17,,7806400,220663893
490,Ariana Grande - One Last Time,65,,12,,7702106,218601836
491,Dante Klein - Let Me Hold You (Turn Me On),30,,24,,12086971,217246072
492,Kygo - Remind Me to Forget,28,,29,,12515053,216618108
493,Migos - Stir Fry,24,,16,,15232093,216310252
494,Drake - Don’t Matter To Me,16,3.0,2,(x2),43314851,215855111
495,Zion & Lennox - La Player (Bandolera),33,,56,,8532826,215840858
496,Polo G - Pop Out,30,,40,,11314759,215823098
497,Nacho - Báilame - Remix,35,,58,,7574934,215481114
498,Rita Ora - Anywhere,31,,39,,10477243,214945458
499,Dua Lipa - Kiss and Make Up,27,,16,,15971199,214921277
500,Halsey - Now Or Never,28,,30,,12920355,214447457
501,Kygo - Born To Be Yours,25,,25,,13905970,214433458
502,Shawn Mendes - Lost In Japan,37,,23,,13124790,212680980
503,Kygo - First Time,25,,19,,16614825,212407968
504,Childish Gambino - This Is America,17,4.0,1,(x1),34989790,212334789
505,The Chainsmokers - Call You Mine,26,,22,,15398512,212087919
506,Rudimental - Lay It All on Me,37,,19,,8560701,211590046
507,David Guetta - Say My Name,34,,68,,7603228,211424453
508,Bebe Rexha - I'm a Mess,35,,52,,8415994,210746577
509,A$AP Ferg - Plain Jane,34,,37,,10167689,210566105
510,Post Malone - Go Flex,47,,52,,8195550,210184413
511,OneRepublic - Rescue Me,27,,32,,11420849,210119346
512,Selena Gomez - Bad Liar,21,1.0,6,,21906196,209963906
513,Piso 21 - Te Vi,27,,50,,9809358,209890194
514,Ava Max - So Am I,29,,41,,11011053,209760977
515,Selena Gomez - Same Old Love,38,,14,,9262867,209491177
516,Iggy Azalea - Fancy,58,16.0,3,(x1),7546352,209371857
517,Jonas Brothers - Only Human,32,,31,,12051256,208964334
518,Aminé - Caroline,37,,39,,8370040,207297009
519,Harry Styles - Lights Up,16,2.0,5,,26362706,207221353
520,Billie Eilish - you should see me in a crown,31,,15,,18860942,206784233
521,Timeflies - Once In a While,35,,36,,8970838,206602805
522,Lorde - Royals,71,23.0,1,(x1),5902632,205792336
523,Khalid - OTW,28,,24,,12410529,205369287
524,Post Malone - Take What You Want,19,1.0,6,,27875018,205328388
525,Andy Williams - It's the Most Wonderful Time of the Year,25,1.0,10,,23412959,204098918
526,Charlie Puth - One Call Away,42,,27,,9043713,203614954
527,Anuel Aa - Sola (Remix),44,,90,,5509589,203123678
528,Maluma - Borro Cassette,70,,76,,3538813,203086775
529,Nick Jonas - Close,27,,24,,11400512,202863388
530,Daddy Yankee - Adictiva,27,,37,,10882484,202658149
531,"Flo Rida - I Don't Like It, I Love It",51,1.0,9,,8755532,202657050
532,Carlos Vives - Robarte un Beso,35,,61,,7004001,201832946
533,CNCO - Hey DJ,34,,52,,8759763,201308367
534,Bryson Tiller - Don't,55,,37,,6334569,200376769
535,Brenda Lee - Rockin' Around The Christmas Tree,21,1.0,9,,24401078,200319873
536,Daddy Yankee - La Rompe Corazones,38,,73,,6121850,199142951
537,Sam Smith - Too Good At Goodbyes - Edit,8,8.0,1,(x1),30706135,197619743
538,Selena Gomez - Kill Em With Kindness,29,,22,,12791228,196959381
539,Deorro - Five More Hours - Deorro x Chris Brown,51,,17,,7687290,196912591
540,Keala Settle - This Is Me,29,,30,,12318355,195715437
541,Troye Sivan - YOUTH,42,,35,,7728959,195444169
542,Piso 21 - Me Llamas,45,,87,,5308014,195407150
543,Alessia Cara - Here,46,,21,,7816018,195246905
544,Major Lazer - Know No Better,22,,31,,12632455,194970453
545,Avicii - Hey Brother,60,24.0,2,(x2),13532381,194753156
546,OMI - Cheerleader - Felix Jaehn Remix Radio Edit,49,,14,,8657981,194611409
547,Rauw Alejandro - Fantasias,18,,28,,12613248,194436420
548,Alex Sensation - Que Va,32,,54,,8180443,193835148
549,Justin Bieber - Mistletoe,29,,17,,20802468,193415715
550,Gucci Mane - I Get The Bag,32,,45,,9649817,193348876
551,Zac Efron - Rewrite The Stars,27,,20,,13767744,192824494
552,Famous Dex - PICK IT UP,33,,60,,7738660,191727347
553,Camila Cabello - Crying in the Club,24,,33,,12362727,191612776
554,David Guetta - Like I Do,23,,24,,13691658,190243313
555,Milky Chance - Stolen Dance,64,,11,,5886704,190227561
556,BLACKPINK - Kill This Love,20,1.0,5,,25341137,190171652
557,Sia - The Greatest,20,6.0,5,,21392605,189854449
558,Kendrick Lamar - LOYALTY. FEAT. RIHANNA.,29,1.0,8,,22546126,189761778
559,Migos - T-Shirt,36,,39,,9681183,189520094
560,Snakehips - All My Friends,39,,32,,7648380,189493855
561,Zara Larsson - Ruin My Life,23,,28,,12387820,189409768
562,Major Lazer - Run Up,21,,17,,13789550,188477960
563,Sia - The Greatest,14,5.0,5,,20550436,188130736
564,French Montana - No Stylist,25,,27,,12894471,188011040
565,DaBaby - BOP,18,,23,,15678826,187817030
566,Bobby Helms - Jingle Bell Rock,22,2.0,8,,24951120,186740160
567,Ed Sheeran - Cross Me,16,1.0,9,,19742322,185780568
568,Sebastian Yatra - Traicionera,47,,68,,5324707,185664428
569,Daya - Hide Away,43,,33,,8051377,185430160
570,Justin Timberlake - Say Something,20,,25,,12836798,185134955
571,Kodak Black - Tunnel Vision,31,,40,,10718629,184805957
572,Marshmello - One Thing Right,23,,30,,12498236,184788700
573,Rihanna - Bitch Better Have My Money,56,,17,,6936109,184133726
574,Alesso - Heroes (we could be),52,,11,,7138967,182118979
575,Sia - Thunderclouds,25,,34,,12055103,181529908
576,Tove Lo - Cool Girl,23,,26,,11477311,181099854
577,Sam Feldt - Post Malone,27,,59,,8990462,180642863
578,"Tyler, The Creator - EARFQUAKE",19,2.0,6,,22055401,180474642
579,Jay Rock - King's Dead,24,,29,,12530784,180344827
580,Band Aid - Do They Know It's Christmas? - 1984 Version,21,,12,,20989282,179135218
581,Migos - MotorSport,25,,34,,10910672,178670224
582,SHAED - Trampoline,18,,19,,14071254,178215921
583,Kodak Black - Roll In Peace,36,,79,,6161080,177159883
584,J Balvin - Sigo Extrañándote,34,,72,,6775494,177064080
585,Hailee Steinfeld - Most Girls,30,,54,,8555977,176918299
586,Alan Walker - On My Way,23,,39,,11307170,176875061
587,Adele - When We Were Young,44,,23,,9467843,176859349
588,"Lauv - fuck, i'm lonely",20,,30,,12502607,176841524
589,The Chainsmokers - Sick Boy,17,,14,,15514241,176832494
590,One Direction - Perfect,29,2.0,3,(x1),14340193,176466163
591,Taylor Swift - Lover,16,1.0,2,(x1),29990567,176422844
592,Ellie Goulding - Hate Me,25,,46,,11007915,176298314
593,David Guetta - Dangerous,38,12.0,2,(x2),9917577,176180000
594,Drake - I'm Upset,17,1.0,7,,28743698,176145018
595,The Killers - Mr. Brightside,57,,148,,4632725,176031038
596,Drake - Portland,23,,13,,18349259,175510252
597,Halsey - Graveyard,20,,31,,13583667,175384043
598,Billie Eilish - all the good girls go to hell,26,,11,,21263958,175308737
599,Eminem - The Monster,54,18.0,1,(x8),9448084,175202241
600,Jon Bellion - All Time Low,25,,30,,11324808,175004521
601,Lil Xan - Betrayed,29,,55,,7758555,174053727
602,Shakira - Clandestino,24,,39,,10333670,173816541
603,Kina - Get You The Moon,33,,95,,6895350,173551740
604,JP Cooper - September Song,35,,53,,8421372,173520421
605,Alessia Cara - Wild Things,30,,34,,8564900,172829488
606,XXXTENTACION - the remedy for a broken heart (why am I so in love),29,,27,,13521112,172520068
607,Billie Eilish - i love you,29,,21,,15560959,172044193
608,Luis Fonsi - Imposible,24,,59,,8466082,171979092
609,Lil Mosey - Noticed,28,,41,,10196053,171874143
610,Rag'n'Bone Man - Human,36,,53,,6934906,171869921
611,Cardi B - Money,24,,46,,9714415,171754414
612,Avicii - The Nights,47,,18,,11612203,171024307
613,Meghan Trainor - NO,27,,19,,12512265,170919587
614,Justin Bieber - Company,49,,19,,9266436,170761923
615,Kanye West - Famous,38,,17,,12718673,170684091
616,A Boogie Wit da Hoodie - Drowning,36,,90,,5739379,170227822
617,Marc E. Bassy - You & Me,27,,34,,9817798,170199540
618,KYLE - Playinwitme,21,,28,,11789806,169420702
619,Danny Ocean - Dembow,29,,65,,7435864,169357751
620,Coldplay - Magic,59,11.0,4,,6090356,169207741
621,Ariana Grande - Love Me Harder,42,8.0,7,,7221579,168978337
622,Ed Sheeran - Sing,58,4.0,5,,6391541,168915339
623,OneRepublic - Wherever I Go,27,,38,,9301348,168782870
624,Shawn Mendes - I Know What You Did Last Summer,30,,21,,9040377,168604535
625,Bazzi - I.F.L.Y.,24,,47,,9546812,168411440
626,Flume - Say It,35,,52,,6327930,168365103
627,Travis Scott - STARGAZING,19,1.0,3,(x1),30434014,167941602
628,Joey Montana - Suena El Dembow,30,,66,,6901800,167765768
629,Alan Walker - All Falls Down,27,,52,,8009107,167614925
630,Hailee Steinfeld - Love Myself,38,,24,,6796031,167215259
631,Chance the Rapper - No Problem,49,,88,,4980819,167020288
632,Sam Smith - I'm Not The Only One,25,8.0,4,,8452834,166400635
633,Jason Derulo - Tip Toe,24,,45,,9943095,166099722
634,Burak Yeter - Tuesday,30,,58,,7971251,166047199
635,George Ezra - Budapest,70,,40,,3786016,165927642
636,Sebastian Yatra - Ya No Tiene Novio,27,,68,,7883355,165724104
637,Zara Larsson - Ain't My Fault,22,,23,,11800265,165637159
638,Fifth Harmony - All In My Head (Flex),25,,35,,9531990,165607826
639,Billie Eilish - bellyache,30,,70,,7463975,164762914
640,Bazzi - Paradise,23,,33,,12160715,164355425
641,John Legend - Love Me Now,25,,32,,10098705,163658154
642,YNW Melly - 223's,21,,32,,12075982,163617786
643,Echosmith - Cool Kids,46,,14,,5889234,163521602
644,Silentó - Watch Me (Whip / Nae Nae),41,,17,,7636537,162962165
645,Rae Sremmurd - Swang,36,,71,,6355205,162702327
646,Sean Paul - Mad Love,24,,38,,10820284,162652448
647,Rob $tone - Chill Bill,36,,57,,6029364,162363885
648,Disclosure - Latch,66,,17,,4212371,162259070
649,Bad Bunny - Vete,10,1.0,10,,21654855,162241282
650,The Weeknd - Party Monster,23,1.0,5,,20680768,162131625
651,Selena Gomez - Fetish,20,1.0,10,,19979354,162010927
652,Ariana Grande - imagine,15,1.0,8,,22191327,161755627
653,Zedd - Happy Now,20,,27,,12682196,161673954
654,Jason Derulo - Wiggle,50,8.0,2,(x3),7977611,161629972
655,Robin Schulz - OK,28,,55,,7673376,161589226
656,Post Malone - Saint-Tropez,13,2.0,4,,30900415,161171998
657,Andy Grammer - Fresh Eyes,29,,30,,9398900,160986334
658,Frank Sinatra - Let It Snow! Let It Snow! Let It Snow!,26,,23,,19911738,160807990
659,Jonas Blue - By Your Side,28,,34,,9731668,160793634
660,Lost Frequencies - Reality,45,,31,,6105987,160761324
661,Bad Bunny - Amorfoda,17,1.0,10,,20012260,160614968
662,Playboi Carti - Magnolia,30,,59,,7604634,160206587
663,Sean Paul - Contra La Pared,23,,60,,8566614,160205873
664,Nicky Jam - Hasta el Amanecer,44,,52,,4702381,159996077
665,Robin Schulz - Shed a Light,23,,30,,10513447,159802113
666,Harry Styles - Watermelon Sugar,11,,14,,21814400,159695587
667,Sebastian Yatra - Un Año,22,,52,,9499562,158786160
668,James Bay - Hold Back The River,56,,19,,6371196,158408670
669,Lewis Capaldi - Bruises,27,,66,,7561281,158235132
670,Sech - Que Mas Pues - Remix,25,,70,,7876971,158005048
671,Juice WRLD - Armed And Dangerous,23,,34,,11478075,157559496
672,Lorde - Green Light,20,,24,,15782320,157239709
673,MEDUZA - Lose Control,15,,34,,12583387,157208060
674,Romeo Santos - Bella y Sensual,33,,106,,5349855,156956150
675,Pitbull - Hey Ma,27,,62,,7834318,156529636
676,Maluma - Mala Mía,23,,56,,8660335,156347542
677,Anne-Marie - Alarm,26,,40,,8506278,156282617
678,Cosculluela - Madura,27,,70,,7201942,156041501
679,YG - Go Loko,20,,38,,11201316,155426375
680,Meghan Trainor - Like I'm Gonna Lose You,48,,40,,5828666,155424047
681,"Drake - Hold On, We're Going Home",81,8.0,4,,4524152,155015264
682,Post Malone - Ball For Me,20,,15,,21648376,154428197
683,Liam Payne - For You (Fifty Shades Freed) (& Rita Ora),19,,27,,13208405,154395594
684,John Lennon - Happy Xmas (War Is Over) - Remastered,20,,13,,21367029,154113407
685,NEIKED - Sexual,29,,40,,7798359,153960755
686,Cardi B - Bartier Cardi,20,,22,,13417677,153487501
687,Jason Derulo - Talk Dirty,57,11.0,7,,4465856,152920396
688,Travis Scott - YOSEMITE,26,,24,,14805515,152496380
689,Maluma - El Préstamo,24,,52,,8568607,152312836
690,Sam Smith - I'm Not The Only One,62,,30,,4413260,152240918
691,Justin Bieber - I'll Show You,25,5.0,6,,16202263,151847932
692,Little Mix - Woman Like Me,18,,22,,13304136,151277585
693,Shakira - Perro Fiel,22,,46,,9130643,150957974
694,Harry Styles - Adore You,8,1.0,6,,25393341,150507545
695,X Ambassadors - Renegades,51,,43,,5231323,150108837
696,Daddy Yankee - Dura - Remix,22,,52,,8594481,149564907
697,Rae Sremmurd - Powerglide,22,,50,,9616734,149561653
698,J Balvin - Reggaeton,23,,74,,7566171,149283116
699,Becky G - Bubalu,22,,71,,7779098,148995129
700,Reik - Amigos Con Derechos,23,,69,,7746544,148128615
701,Blueface - Thotiana,16,,29,,14588485,146731807
702,Sigala - Easy Love,34,,15,,8129356,146524768
703,Enrique Iglesias - EL BAÑO,21,,38,,10432928,146227713
704,Iggy Azalea - Black Widow,40,3.0,8,,7308886,146175854
705,Kygo - Happy Now,21,,37,,10974050,145797551
706,Reik - Indeciso,21,,60,,8083484,145663890
707,Eminem - 'Till I Collapse,56,,144,,4582126,145475021
708,21 Savage - X,37,,76,,5135526,145386210
709,Lizzo - Good As Hell,18,,44,,10254273,144934954
710,Ellie Goulding - Burn,66,16.0,6,,3862233,144859253
711,IAmChino - Ay Mi Dios,39,,74,,5387559,144838907
712,Martin Garrix - So Far Away,20,,42,,9799207,144794103
713,Coldplay - The Scientist,61,,132,,3795147,144028900
714,Zara Larsson - I Would Like,21,,29,,10484579,143896819
715,Little Mix - Touch,27,,59,,7656418,143837369
716,Rihanna - Love On The Brain,36,,68,,6981516,143722799
717,The Weeknd - Heartless,10,1.0,4,,28298094,143548268
718,J Balvin - Ginza,41,,35,,5732521,143504841
719,Logic - Everyday,19,,16,,16130395,142691584
720,Katy Perry - Swish Swish,24,,41,,10921671,142373506
721,Ariana Grande - Focus,22,3.0,8,,12208662,141942832
722,Karol G - Culpables,24,,89,,6823544,141937323
723,Justin Bieber - Yummy,4,4.0,2,(x1),38715310,141698401
724,Carly Rae Jepsen - I Really Like You,34,,15,,7684232,141537318
725,Katy Perry - Roar,65,14.0,2,(x3),5549675,141090106
726,Enrique Iglesias - Bailando - Spanish Version,62,,39,,3132780,141087933
727,Beyoncé - 7/11,56,,17,,5440544,140962617
728,Drake - Signs,17,,19,,15924680,140710058
729,Bebe Rexha - I Got You,29,,55,,7079065,140554199
730,Halsey - Bad At Love,26,,68,,7147419,140454553
731,Cardi B - Please Me,15,,20,,16331768,140425335
732,Little Mix - Shout Out to My Ex,21,,17,,13092597,140269572
733,XXXTENTACION - BAD!,13,1.0,6,,22370036,139961391
734,David Guetta - Bad,30,10.0,2,(x2),7673364,139791905
735,Sia - Cheap Thrills,38,,59,,5068632,139773219
736,Sage The Gemini - Now and Later,19,,29,,10654068,139602315
737,Lil Uzi Vert - The Way Life Goes,23,,44,,9341555,139089148
738,Chino & Nacho - Andas En Mi Cabeza,44,,105,,3629891,139073573
739,Macklemore & Ryan Lewis - Downtown,30,,16,,8352728,138661832
740,Alan Walker - Alone,21,,36,,9173336,137666887
741,Ariana Grande - Don’t Call Me Angel (Charlie’s Angels),11,2.0,3,(x1),32667288,137203073
742,Sech - Si Te Vas,18,,48,,9387945,136779930
743,Billie Eilish - bad guy,13,1.0,9,,21458729,136746503
744,JAY Z - Ni**as In Paris,80,,132,,2527335,136437369
745,Lady Gaga - The Cure,19,,33,,11818268,136360277
746,Taylor Swift - ...Ready For It?,19,,13,,17763978,136086748
747,Shakira - Me Enamoré,26,,71,,6525973,135848478
748,Daddy Yankee - Que Tire Pa Lante,15,,25,,12258421,135709773
749,Famous Dex - JAPAN,20,,34,,10795322,135679938
750,Robin Schulz - Headlights,35,,21,,7022425,135536701
751,Ozuna - Solita,26,,75,,6811201,135069082
752,Arctic Monkeys - Do I Wanna Know?,84,,38,,2269902,135000906
753,MC Fioti - Bum Bum Tam Tam,21,,66,,7524726,134979902
754,Michael Bublé - Holly Jolly Christmas,23,,24,,19721103,134683571
755,Ed Sheeran - Dive,21,,11,,22520144,134677281
756,Dalex - Cuaderno,21,,66,,8152027,134198033
757,Nicky Jam - X - Remix,19,,37,,11380927,134146384
758,Piso 21 - Te Amo,25,,76,,6583634,134144734
759,Selena Gomez - Look At Her Now,14,1.0,9,,21790923,133920158
760,Becky G - Shower,41,1.0,10,,6395087,133754216
761,Niall Horan - This Town,23,,22,,12612335,133465169
762,Years & Years - King,34,,21,,7173514,133115545
763,Queen - Somebody To Love - Remastered 2011,22,,50,,9260667,132982997
764,Tove Lo - Stay High - Habits Remix,44,,12,,5045008,132875683
765,Lewis Capaldi - Before You Go,10,,19,,15653077,132477376
766,Bing Crosby - White Christmas,20,,26,,15643273,132418829
767,AronChupa - I'm an Albatraoz,46,,21,,4552106,132335496
768,Big Shaq - Man's Not Hot,19,,36,,10229463,132292671
769,Demi Lovato - Cool for the Summer,35,,16,,7826287,132199923
770,Post Malone - Paranoid,13,1.0,4,,31182644,131467348
771,Sheppard - Geronimo,43,,18,,5387659,131464626
772,José Feliciano - Feliz Navidad,19,,21,,20300178,130566180
773,Drake - Pop Style,27,,23,,11898517,130356369
774,Bryson Tiller - Exchange,45,,65,,4020032,130212326
775,Adele - Water Under the Bridge,25,,51,,7530043,130072233
776,Myke Towers - Si Se Da,22,,97,,6822944,130043307
777,J Balvin - Mi Gente,14,,15,,15823808,129880923
778,Post Malone - Hollywood's Bleeding,13,1.0,5,,28946369,129787906
779,Tove Lo - Talking Body,38,,27,,6208542,129753440
780,Jennifer Lopez - Ain't Your Mama,30,,54,,5758619,129575363
781,"benny blanco - I Can’t Get Enough (benny blanco, Selena Gomez, J Balvin, Tainy)",13,,21,,16111773,128974936
782,G-Eazy - Good Life,17,,25,,12786896,128556553
783,Sam Smith - Money On My Mind,52,,13,,4103335,128529242
784,Nevada - The Mack,20,,32,,8814434,128422588
785,Petit Biscuit - Sunset Lover,25,,53,,7245899,127926039
786,Post Malone - Enemies,13,1.0,7,,25861671,127662405
787,Niall Horan - Too Much To Ask,18,,37,,11073444,127598111
788,Calvin Harris - Rollin,17,,38,,11604438,127584680
789,Sebastian Yatra - Por Perro,22,,84,,6707725,127370734
790,Alvaro Soler - La Cintura,18,,42,,10848362,127107786
791,Fall Out Boy - Centuries,53,,21,,5282344,126934681
792,Lorde - Team,57,,14,,3798882,126720090
793,Lil Uzi Vert - Sanguine Paradise,18,,38,,10891403,126518401
794,Lord Huron - The Night We Met,27,,55,,8362185,126510049
795,Ruth B. - Lost Boy,43,,79,,3787147,126471242
796,Camila Cabello - My Oh My,8,,15,,19300578,125770224
797,The Weeknd - In The Night,28,,28,,7386246,125286757
798,Khalid - Talk,8,,17,,17410486,125251511
799,DJ Snake - Turn Down for What,59,,14,,4322985,124742389
800,Mustard - Ballin',17,,42,,12004885,124580127
801,DaBaby - VIBEZ,18,,53,,9002968,124129577
802,Daddy Yankee - Vuelve,23,,71,,6653418,123879341
803,Ozuna - Unica,21,,63,,7754505,123578496
804,Meghan Trainor - Lips Are Movin,34,1.0,9,,7073920,123100945
805,Future - Selfish,18,,45,,9935891,122944542
806,Rich Music LTD - Quizas,16,,52,,8814040,122482375
807,Apache 207 - Roller,19,,66,,8395606,122348079
808,CNCO - Reggaetón Lento (Remix),20,,56,,7716858,121993437
809,Bruno Mars - Versace on the Floor,30,,80,,5137524,121744296
810,Tiësto - Wasted,44,6.0,7,,5984920,121736213
811,David Guetta - Lovers on the Sun,40,,13,,5798766,121682700
812,Lizzo - Good As Hell,14,,29,,12495965,121504824
813,XXXTENTACION - Hope,23,,42,,10147938,121498327
814,Taylor Swift - Delicate,18,,26,,12788750,121403504
815,"Daya - Sit Still, Look Pretty",36,,74,,4595306,121398109
816,Anuel Aa - Quiere Beber,17,,45,,9739397,121332715
817,Kanye West - All Mine,11,2.0,3,(x1),27716117,121282862
818,Wisin - Vacaciones,31,,79,,5214524,120790549
819,Kesha - Praying,20,,37,,9957610,120718178
820,Jason Derulo - If It Ain't Love,20,,38,,8780099,120571011
821,Nicky Jam - Whine Up,13,,44,,9807122,120182091
822,The Weeknd - Often,62,,41,,5054030,120070975
823,Logic - Homicide,12,2.0,3,(x1),27894553,119989488
824,6ix9ine - KIKA,15,,12,,17735352,119680983
825,Sebastian Yatra - SUTRA,24,,96,,6224427,119635665
826,Jason Derulo - Trumpets,60,,26,,3583542,119271329
827,Joji - SLOW DANCING IN THE DARK,23,,75,,7237051,118408972
828,Jax Jones - Breathe,20,,48,,9283638,117899105
829,Miguel - Sky Walker,21,,69,,7143348,117642137
830,Normani - Motivation,14,,42,,10353406,117321765
831,Calum Scott - Dancing On My Own,32,,70,,4798016,116897730
832,MKTO - Classic,50,,14,,4790578,116781668
833,Queen - We Will Rock You - Remastered,22,,73,,7615977,116777009
834,Sam Smith - Have Yourself A Merry Little Christmas,21,,29,,14168829,116528439
835,Young Thug - pick up the phone,34,,87,,4277147,116352106
836,Nicki Minaj - Bed,12,,22,,14917808,116241025
837,Big Sean - I Don't Fuck With You,51,,34,,3981169,116037513
838,Avicii - The Days,35,5.0,4,,7862217,115777670
839,Liam Payne - Familiar,18,,57,,10135185,115586518
840,Nicky Jam - Si Tú La Ves,30,,117,,4306871,114894480
841,Brytiago - Asesina,18,,73,,7188038,114816809
842,Miley Cyrus - Wrecking Ball,44,16.0,1,(x5),6033827,114320139
843,Major Lazer - Que Calor,19,,77,,7093193,114262048
844,OMI - Hula Hoop,28,,26,,6732598,113968894
845,YNW Melly - Mixed Personalities,17,,59,,8922507,113541444
846,OneRepublic - Rich Love,18,,49,,9304763,113527123
847,Tory Lanez - LUV,22,,40,,8807940,113130035
848,Tinie Tempah - Girls Like,27,,53,,5740481,113048547
849,Karol G - Créeme,21,,114,,6222776,112683252
850,"Kygo - Carry On (from the Original Motion Picture ""POKÉMON Detective Pikachu"")",14,,36,,11997661,112350215
851,Maroon 5 - Wait,21,,67,,7246334,112003633
852,The Pogues - Fairytale of New York,21,,49,,12259858,111974270
853,Drake - Back To Back,41,,55,,3888413,111877007
854,SZA - Love Galore,23,,73,,6402678,111770526
855,Snakehips - Don't Leave,17,,40,,9379581,111727169
856,Chris Brown - Ayo,41,,23,,6012390,111309831
857,Fetty Wap - Again,34,,43,,5040302,111166378
858,Jeremy Zucker - comethru,21,,111,,6088886,111135224
859,One Direction - History,34,,29,,7159428,111125951
860,Manuel Turizo - Esclavo de Tus Besos,17,,73,,7761767,110198680
861,P!nk - Walk Me Home,16,,55,,8647234,110034730
862,Aaron Smith - Dancin,21,,101,,6605984,109888832
863,Hailee Steinfeld - Capital Letters,14,,34,,11580726,109875183
864,Drake - Gyalchester,17,,25,,14823651,109393222
865,Justin Quiles - DJ No Pare,19,,85,,6682269,109354057
866,Blanco Brown - The Git Up,18,,64,,7922819,109244732
867,5 Seconds of Summer - Easier,13,,23,,13581944,109119377
868,Chris Brown - Questions,17,,56,,7682316,108971155
869,J Balvin - Bobo,31,,72,,4385391,108699305
870,Juice WRLD - Lean Wit Me,19,,84,,7126666,107740635
871,Ella Henderson - Ghost,36,,23,,4637141,107718733
872,ZAYN - Still Got Time,17,,46,,9993322,107373959
873,Natalie La Rose - Somebody,30,,30,,5831086,107267766
874,Lunay - Aventura,14,,50,,8874749,107167885
875,Zay Hilfigerrr - Juju On That Beat (TZ Anthem),17,,28,,9428231,107164431
876,Thalía - No Me Acuerdo,18,,66,,7460620,106993167
877,5 Seconds of Summer - Teeth,14,,46,,9555911,106875314
878,Tyga - Ayy Macarena,11,,37,,12456752,106411619
879,Rachel Platten - Fight Song,37,,38,,5371926,106317603
880,Mabel - Mad Love,15,,54,,9823977,105881669
881,Kendrick Lamar - ELEMENT.,16,1.0,10,,21832141,105356912
882,Wisin & Yandel - Aullando,18,,109,,6475650,105327096
883,Alex Rose - Toda - Remix,20,,103,,6027173,105208507
884,Drake - Sneakin’,22,,43,,8062614,104875536
885,David Guetta - Don't Leave Me Alone,15,,42,,10332824,104744850
886,Future - Life Is Good,3,3.0,3,(x1),39404104,104465784
887,R3HAB - All Around The World (La La La),15,,59,,9125803,104395994
888,Ozuna - Tú Foto,20,,73,,6466640,103781272
889,DJ Snake - You Know You Like It,35,,22,,6651427,103739242
890,Sebastian Yatra - Runaway,15,,57,,9284418,103506300
891,Bad Bunny - Solo de Mi,14,,38,,10172678,103367656
892,One Direction - Steal My Girl,26,2.0,9,,7108569,103320466
893,Tiësto - Ritual,16,,72,,7660524,103252399
894,Billie Eilish - my strange addiction,13,,16,,18477082,103077145
895,Drake - Energy,49,,22,,5202432,103068835
896,Diplo - Be Right There,32,,58,,4000881,102677529
897,Travis Scott - Antidote,36,,52,,4396483,102513126
898,Joey Montana - Picky,35,,73,,3548551,102503275
899,ZAYN - LIKE I WOULD,17,,25,,10057359,102190889
900,Jess Glynne - Hold My Hand,33,,30,,6004857,102065841
901,Dimitri Vegas & Like Mike - Instagram,17,,81,,7098297,101939379
902,Kodak Black - Codeine Dreaming,18,,50,,8413714,101903182
903,Don Toliver - No Idea,9,,26,,13905621,101856499
904,Dalex - Hola - Remix,11,,33,,12805722,101720535
905,Kehlani - Nights Like This,13,,37,,11568466,101573739
906,Dawin - Dessert,34,,56,,4069007,100784104
907,Lil Mosey - Stuck In A Dream,15,,37,,10615406,100710452
908,Astrid S - Hurts So Good,28,,76,,4577312,100642692
909,Jason Derulo - Goodbye,14,,45,,9914855,100485345
910,Post Malone - Spoil My Night,11,1.0,9,,25175356,100446929
911,Kanye West - Father Stretch My Hands Pt. 1,31,,33,,8503618,99997626
912,Camila Cabello - Havana - Remix,16,,50,,8348340,99942863
913,Elle King - Ex's & Oh's,34,,56,,3845103,99254269
914,Elvis Presley - Blue Christmas,20,,59,,11774400,99248138
915,Yandel - Explícale,22,,101,,5125876,99033405
916,Post Malone - Stay,11,,11,,23585361,98985894
917,James Arthur - Naked,18,,86,,6399541,98819364
918,XXXTENTACION - whoa (mind in awe),11,1.0,10,,18505893,98614081
919,Ed Sheeran - Tenerife Sea,60,,94,,3235261,98613738
920,Wolfine - Bella - Remix,18,,81,,6391246,98540698
921,Ant Saunders - Yellow Hearts,12,,45,,9630162,98292737
922,Young Thug - Hot,13,,46,,9768494,98280474
923,Kris Kross Amsterdam - Whenever,15,,47,,10007070,97962201
924,The Chainsmokers - Somebody,15,,58,,7978667,97856504
925,Ozuna - Baila Baila Baila - Remix,16,,71,,7841458,97814060
926,Ozuna - Tu Foto,17,,72,,6267272,97515450
927,Ed Sheeran - Antisocial,9,1.0,7,,25282995,97470855
928,blackbear - do re mi,23,,77,,6560095,97386258
929,Kiesza - Hideaway,41,,28,,3944528,97212272
930,Nat King Cole - The Christmas Song (Merry Christmas To You),13,,30,,16246584,97127534
931,Ed Sheeran - What Do I Know?,14,,14,,20428343,96973016
932,Calboy - Envy Me,17,,92,,6725641,96770086
933,Luke Christopher - Lot to Learn,20,,60,,6341248,96688144
934,Beyoncé - Drunk in Love,48,,11,,4070089,96556083
935,Drake - Know Yourself,44,,28,,4613145,96483912
936,Don Omar - Te Quiero Pa´Mi,27,,140,,3962918,96399513
937,Billie Eilish - xanny,12,,13,,20257146,96374570
938,Kungs - This Girl (Kungs Vs. Cookin' On 3 Burners) - Kungs Vs. Cookin' On 3 Burners,26,,90,,4421273,96311281
939,Jeremih - oui,30,,65,,4380356,96205176
940,Bad Bunny - NI BIEN NI MAL,14,,56,,8693828,95916899
941,Myke Towers - Si Se Da - Remix,16,,68,,7608980,95855837
942,Eminem - Venom - Music From The Motion Picture,13,,34,,13202544,95735266
943,Fifth Harmony - Down,15,,52,,8522249,95651595
944,"Lil Baby - Never Recover (Lil Baby & Gunna, Drake)",14,,27,,12999466,95283224
945,The Lumineers - Ophelia,39,,81,,3705255,95038648
946,Miley Cyrus - Mother's Daughter,12,,18,,14567926,94985652
947,Daddy Yankee - Shaky Shaky,29,,80,,4397105,94564140
948,Niall Horan - Nice To Meet Ya,14,,56,,8851964,94536356
949,Gente De Zona - La Gozadera,47,,88,,2541185,94485801
950,NLE Choppa - Camelot,12,,47,,9579243,94451684
951,Matoma - Running Out,29,,62,,3885945,94404825
952,Drake - Mob Ties,11,,11,,25933856,94167463
953,Ayo & Teo - Rolex,23,,99,,5150802,94084741
954,J. Cole - KOD,10,1.0,6,,25826342,94012159
955,Future - Fine China,14,,21,,14436312,93872289
956,2 Chainz - It's A Vibe,22,,106,,4998859,93669512
957,King Princess - 1950,15,,61,,8088141,93339639
958,Paul McCartney - Wonderful Christmastime [Edited Version] - Remastered 2011 / Edited Version,9,,15,,18378455,93214008
959,The Script - Superheroes,30,,13,,5843081,93167398
960,Ozuna - El Farsante,21,,105,,4972480,93009447
961,DNCE - Toothbrush,21,,55,,6096845,92982324
962,Ozuna - Dile Que Tu Me Quieres,26,,94,,4792536,92970831
963,Avicii - Heaven,10,,13,,18246581,92897382
964,DJ Snake - A Different Way,17,,66,,7201200,92851548
965,Burl Ives - A Holly Jolly Christmas - Single Version,13,,37,,13793327,92405438
966,Lady Gaga - Million Reasons,27,,79,,5446634,92282800
967,Young Thug - Hot (Remix),13,,33,,11338485,92214148
968,Kygo - Raging,21,,43,,7300654,92162832
969,A Boogie Wit da Hoodie - Startender,14,,57,,8247911,92055080
970,PARTYNEXTDOOR - Come and See Me,35,,95,,3214687,91777120
971,Eminem - The Ringer,8,1.0,3,(x1),30918553,91694733
972,Kevin Gates - 2 Phones,29,,59,,4800818,91594498
973,Julia Michaels - Heaven,12,,34,,11159967,91399040
974,Rich The Kid - Splashin,16,,91,,6875259,91069850
975,J Balvin - Machika,14,,63,,7958019,90885626
976,Ozuna - Ibiza,18,,98,,6097459,90787617
977,Lil Skies - Nowadays,17,,87,,6232846,90586487
978,Lauv - Mean It,11,,27,,12015729,90221589
979,Demi Lovato - Body Say,19,,59,,5510873,90084120
980,Halsey - New Americana,31,,61,,3499359,90038162
981,Macklemore - Good Old Days,15,,56,,7544458,89764609
982,Sam Smith - Like I Can,39,,22,,5174180,89712581
983,Chris Rea - Driving Home for Christmas,14,,21,,16575452,89408625
984,Tyga - SWISH,14,,51,,8459417,89386597
985,Lil Uzi Vert - Futsal Shuffle 2020,7,,18,,20451202,89307523
986,Pitbull - Fireball,42,,26,,4503000,89264410
987,Robin Thicke - Blurred Lines,59,1.0,8,,3382254,89153778
988,Alan Walker - Sing Me to Sleep,21,,55,,5375539,89074497
989,Metro Boomin - Space Cadet,16,,63,,8046707,89021303
990,Kygo - Here for You,29,,42,,5212658,88762576
991,Kanye West - Follow God,6,1.0,4,,31273064,88681073
992,6ix9ine - MALA,14,,71,,8277285,88628231
993,Taylor Swift - ME!,3,3.0,2,(x1),37826059,88477470
994,Noah Cyrus - Make Me (Cry),17,,54,,6663105,88375386
995,Lil Pump - Esskeetit,15,,51,,9987084,88119058
996,Brytiago - Asesina - Remix,17,,124,,5750675,88061167
997,Lil Uzi Vert - You Was Right,32,,119,,3906269,87935965
998,Ed Sheeran - New Man,11,,12,,21746337,87573517
999,Imany - Don't Be So Shy - Filatov & Karas Remix,23,,73,,4818973,87180720
1000,Anuel Aa - Hipócrita,18,,112,,5406598,86807925
1001,Sebastian Yatra - Alguien Robo,23,,138,,4006711,86804780
